"Subject","Age","Gender","Ethnicity","Exercise","E_category","Dynamic","E_history","E_duration","E_intensity","EI_1","EI_2","EI_3","EI_4","EI_5","EF_1","EF_2","EF_3","EF_4","EF_5","EM_1","EM_2","EM_3","EM_4","EM_5","Trail1Error","Trail2Error","Trail3Error","Trail4Error","Trail5Error","SumTrailError","Trail1RT","Trail2RT","Trail3RT","Trail4RT","Trail5RT","MeanTrailRT","Baseline_Correct_Go_RT","Calibration_Noncancelled_Go_RT","Calibration_Correct_Go_RT","Test_Correct_Go_RT","Test_Noncancelled_Go_RT","NCER_M","NCER","NCER_P","Go_RT_M","Go_RT","Go_RT_P","SSD_M","SSD","SSD_P","SSRT_M","SSRT","SSRT_P","SSRT_Mean"
"1000",20,2,4,1,"Swim",0,5,3,4,3,5,5,4,5,5,4,3,5,5,2,5,5,1,1,0,0,1,19,1,21,61.6153,48.8354,63.5617,91.0569,49.8392,62.9817,363.186162,363.349711111111,444.38099375,447.402727777778,351.900286666667,0.333333333333333,0.333333333333333,0.583333333333333,381.8374,381.8374,448.2337,90,130,170,291.8374,251.8374,278.2337,273.9695
"1001",19,2,3,1,"Hockey",1,5,3,4,2,4,4,2,5,4,4,4,4,4,5,5,4,4,5,5,10,8,7,2,32,66.6303,71.7881,68.9183,68.7651,57.4387,66.7081,274.866506,331.967116666667,337.498410416667,351.334374074074,319.137995454545,0.416666666666667,0.5,0.916666666666667,315.3946,331.9456,514.6306,50,90,130,265.3946,241.9456,NA,253.6701
"1002",21,2,2,1,"Zumba",0,5,2,4,2,2,5,2,5,4,1,1,1,1,1,4,4,1,3,3,3,4,2,2,14,46.5085,53.473,56.1795,66.0708,55.7659,55.59954,258.727483673469,280.0183125,380.67158125,332.370867592593,284.5651,0.833333333333333,0.666666666666667,0.75,431.4716,331.8638,365.0377,90,130,170,341.4716,201.8638,195.0377,246.124366666667
"1003",21,2,6,1,"Gym",0,2,2,2,3,2,5,2,2,2,2,2,2,2,3,3,2,3,3,16,5,11,11,13,56,58.9038,59.1641,84.4005,62.8864,72.13011006,67.496982012,280.387610416667,296.339685714286,369.266191666667,332.225736190476,323.93137037037,0.916666666666667,0.666666666666667,0.666666666666667,431.4907,348.5714,348.5714,50,90,130,NA,258.5714,218.5714,238.5714
"1004",18,2,3,1,"Swim",0,5,2,3,3,4,3,3,3,3,2,4,3,3,3,3,2,2,2,0,0,0,0,1,1,81.0856,70.4029,83.9024,80.0825,79.0474,78.90416,293.105920454545,359.659588888889,388.34059375,406.056599074074,345.248725,0.166666666666667,0.75,0.75,315.3452,414.962,414.962,10,50,90,305.3452,364.962,324.962,331.7564
"1005",19,2,2,1,"Run",0,4,3,3,2,4,5,2,2,3,3,2,3,2,2,2,2,4,3,0,2,6,6,3,17,49.5711,52.6786,55.7674,53.1301,57.9654,53.82252,341.518774,326.376877777778,364.0745625,355.882881481481,321.629695238095,0.583333333333333,0.5,0.666666666666667,365.0409,348.4615,365.1582,50,90,130,315.0409,258.4615,235.1582,269.553533333333
"1006",19,2,2,1,"Yoga",0,5,2,3,5,4,5,2,2,3,4,2,2,3,1,3,2,1,1,0,0,4,2,3,9,47.865,46.1222,46.4465,52.4839,42.4784,47.0792,252.705602083333,331.899525,364.420597916667,396.439489719626,302.193510526316,0.0833333333333333,0.833333333333333,0.666666666666667,265.445,497.8972,365.0861,10,50,90,NA,447.8972,275.0861,361.49165
"1008",21,2,3,1,"Run",0,5,4,3,4,4,5,5,5,5,5,3,4,2,2,3,3,1,4,5,1,9,4,4,23,62.7416,55.5687,79.101,79.5016,62.5726,67.8971,318.638548,363.4511,410.7550125,407.463843925234,368.577033333333,0.583333333333333,0.666666666666667,0.75,398.345,431.4858,464.6538,90,130,170,308.345,301.4858,294.6538,301.494866666667
"1011",19,2,8,1,"Core Train",0,3,2,3,5,4,5,5,5,5,5,3,4,5,5,2,3,3,5,3,0,1,3,3,10,48.4399,38.9027,50.0957,46.1437,45.9526,45.90692,313.639594,323.59688,353.347858333333,355.469699047619,284.482147619048,0.416666666666667,0.583333333333333,0.75,331.904,365.058,381.7939,50,90,130,281.904,275.058,251.7939,269.5853
"1013",19,2,4,1,"Zumba",0,5,3,4,3,1,1,3,4,3,4,4,1,3,5,5,5,1,3,2,0,1,1,1,5,68.396,47.1927,70.2429,70.9609,56.6296,62.68442,285.490516326531,317.169688888889,351.337582978723,361.313122857143,338.2196,0.583333333333333,0.833333333333333,1,348.5027,448.0781,697.1693,90,130,170,258.5027,318.0781,NA,288.2904
"1014",31,2,8,1,"Cycle",0,5,5,3,3,4,4,3,5,3,2,3,2,3,5,5,3,3,5,1,1,5,6,3,16,56.2632,56.2736,69.5689,75.4742,58.5982,63.23562,361.385553061224,439.822575,545.636402083333,544.33484537037,461.007066666667,0.166666666666667,0.333333333333333,0.25,414.9133,464.6812,448.1234,130,170,210,284.9133,294.6812,238.1234,272.572633333333
"1018",19,2,2,1,"Yoga",0,2,3,2,4,4,5,5,4,5,3,2,3,3,2,2,3,3,1,0,1,2,11,2,16,56.6257,71.9613,71.8652,92.7929,61.2572,70.90046,325.011294,388.0343,437.58920212766,479.839225,378.983475,0.166666666666667,0.416666666666667,0.416666666666667,381.7396,448.1666,448.1666,130,170,210,251.7396,278.1666,238.1666,256.024266666667
"1019",18,1,2,1,"Weight Train",0,5,3,4,4,3,4,4,3,2,3,2,2,2,4,3,3,2,1,4,7,3,12,15,41,42.0036,33.8579,46.223,52.5287,44.1753,43.7577,260.528096,285.794811111111,318.424345833333,311.928137037037,288.266251851852,0.666666666666667,0.583333333333333,1,315.3061,298.7319,796.6744,50,90,130,265.3061,208.7319,NA,237.019
"1020",19,2,3,1,"Swim",0,5,2,3,3,3,5,3,4,4,3,2,3,2,2,3,2,1,3,0,0,1,0,1,2,42.9218,35.629,44.7189,38.0533,36.0397,39.47254,291.4749,287.7078,336.121597916667,352.915570093458,326.76891875,0.333333333333333,0.5,0.5,331.9397,348.5438,348.5438,10,50,90,321.9397,298.5438,258.5438,293.0091
"1021",18,2,4,1,"Badminton",1,5,3,4,3,4,5,3,4,5,5,4,4,4,2,4,4,2,5,0,0,1,1,0,2,50.9937,51.7471,59.0648,55.9942,46.9711,52.95418,285.089672,355.905933333333,419.40474375,398.922485185185,351.991584210526,0.333333333333333,0.583333333333333,0.666666666666667,331.8865,365.1659,381.7406,90,130,170,241.8865,235.1659,211.7406,229.597666666667
"1022",20,1,8,1,"Weight Train",0,5,1,3,4,4,3,5,5,4,2,2,3,2,5,3,5,2,5,4,0,2,1,0,7,42.946,41.3447,50.7425,43.6624,38.8908,43.51728,259.875248,230.5001,271.417248888889,284.3482625,242.947788,0.75,0.666666666666667,0.666666666666667,315.2355,298.6878,298.6878,0,0,40,315.2355,298.6878,258.6878,290.870366666667
"1024",18,2,5,1,"Functional Train",0,5,3,4,5,4,5,4,5,2,4,1,2,4,1,1,1,1,4,5,2,1,1,1,10,48.5685,48.9084,42.904,60.8072,43.6942,48.97646,326.264446,356.79075,476.819083333333,383.877813084112,314.611320833333,0.5,0.75,0.75,348.5505,464.7444,464.7444,130,170,210,218.5505,294.7444,254.7444,256.0131
"1025",21,2,8,1,"Volleyball",1,5,5,4,2,4,5,5,3,2,3,1,3,4,2,4,3,2,3,1,1,2,0,1,5,62.5038,58.712,63.0776,56.6128,48.8462,57.95048,273.216016,329.598328571429,373.480264583333,269.528871428571,238.255335483871,0.666666666666667,0.916666666666667,1,265.6203,348.5409,448.2457,90,130,170,175.6203,NA,NA,175.6203
"1026",20,2,4,1,"Cardio",0,5,3,3,3,5,4,2,5,5,5,5,5,5,5,5,5,5,1,9,7,4,7,0,27,82.6269,96.456,84.4176,94.2399,65.3045,84.60898,421.475266666667,424.402528571429,506.89785625,619.322887619048,532.21934,0.333333333333333,0.333333333333333,0.583333333333333,481.3103,481.3103,564.3552,130,170,210,351.3103,311.3103,354.3552,338.991933333333
"1028",22,2,3,1,"Weight Train",0,4,3,3,3,4,5,4,2,2,3,2,2,2,2,3,3,2,4,3,5,4,2,0,14,72.5701,58.1146,82.093,77.0003,57.4288,69.44136,397.048652,336.118175,368.705038297872,345.947944444444,310.620047619048,0.416666666666667,0.5,0.833333333333333,331.8988,331.9369,381.8354,90,130,170,241.8988,201.9369,211.8354,218.557033333333
"1029",22,2,8,1,"Cycle",0,5,2,3,3,4,4,4,4,4,4,1,3,2,4,4,2,3,4,0,1,1,5,3,10,57.5713,62.6733,74.9746,74.9136,52.0665,64.43986,265.208089583333,304.317766666667,345.443372916667,350.726883333333,289.894221428571,0.666666666666667,0.75,0.916666666666667,348.5214,381.8234,547.8064,50,90,130,298.5214,291.8234,NA,295.1724
"1030",18,2,3,1,"Weight Train",0,2,4,3,2,3,3,4,4,5,5,5,4,5,4,2,4,5,3,8,5,9,5,9,36,72.9849,75.1016,77.3133,78.5422,87.9562,78.37964,320.61862,325.25811,386.547683333333,400.768033333333,340.968640909091,0.5,0.5,0.833333333333333,381.6736,381.6736,464.6905,90,130,170,291.6736,251.6736,294.6905,279.3459
"1032",22,2,2,1,"Walk",0,5,1,2,4,3,2,2,2,3,2,2,2,2,5,5,3,4,2,3,3,2,2,1,11,39.9967,46.1035,49.2487,48.2315,39.6359,44.64326,289.82814,260.59803,286.667664583333,311.023458878505,286.33136875,0.0833333333333333,0.5,0.75,232.3914,282.2834,331.9578,0,0,40,NA,282.2834,291.9578,287.1206
"1033",19,2,2,1,"Pilates",0,3,2,3,2,5,5,2,2,2,2,2,2,2,2,2,2,2,3,1,7,6,5,11,30,58.7848,56.1732,60.6058,63.6101,50.8244,57.99966,307.189255102041,293.965942857143,353.012220833333,350.046344444444,306.095322222222,0.166666666666667,0.25,0.333333333333333,282.1897,298.7185,298.8106,10,50,90,272.1897,248.7185,208.8106,243.2396
"1034",21,2,2,1,"Pilates",0,3,2,3,4,4,4,3,4,4,4,2,4,4,2,4,3,1,4,1,3,0,2,0,6,76.3411,58.8777,65.3574,59.2912,49.8028,61.93404,301.705376,322.670533333333,405.5630875,390.935512037037,348.503478571429,0.166666666666667,0.416666666666667,0.583333333333333,315.3033,348.4774,381.7817,50,90,130,265.3033,258.4774,251.7817,258.5208
"1035",19,2,2,1,"Walk",0,5,2,2,2,3,2,2,2,2,2,2,2,2,3,3,3,3,3,0,3,1,0,1,5,79.6034,88.7499,84.9112,94.4848,72.0126,83.95238,300.810555102041,346.736388888889,446.0997625,420.093128971963,367.403653333333,0.166666666666667,0.583333333333333,0.5,331.9718,431.547,414.9368,130,170,210,201.9718,261.547,204.9368,222.818533333333
"1036",19,2,2,1,"Jog",0,3,2,4,4,4,4,3,4,4,4,4,4,2,2,4,4,2,3,5,18,27,28,9,87,53.9047,63.4114,68.9983,79.9356,60.9648,65.44296,280.46162,398.304771428571,498.952252083333,457.645362962963,317.490439130435,0.666666666666667,0.416666666666667,0.833333333333333,464.7541,381.6872,514.5016,130,170,210,334.7541,211.6872,304.5016,283.647633333333
"1038",20,2,3,1,"Walk",0,5,3,2,1,2,2,1,2,1,1,1,1,1,2,3,1,2,1,0,0,0,0,4,4,81.1557,60.989,81.1426,83.0175,74.5599,76.17294,315.701348979592,317.4621,752.15373125,363.481431481481,301.925061904762,0.75,0.416666666666667,0.583333333333333,431.5631,331.9333,365.123,50,90,130,381.5631,241.9333,235.123,286.206466666667
"1040",21,2,8,1,"Run",0,5,1,3,2,2,3,2,3,2,2,2,2,2,3,2,2,3,2,3,2,2,1,3,11,52.5705,42.9015,44.5389,41.4223,50.3705,46.36074,301.694576,334.262571428571,387.929914583333,404.046344859813,353.116988888889,0.416666666666667,0.5,0.583333333333333,381.708,398.283,398.3536,90,130,170,291.708,268.283,228.3536,262.781533333333
"1042",21,2,2,1,"Weight Train",0,5,5,4,5,5,5,4,5,3,3,2,2,2,2,3,3,2,2,2,5,6,7,7,27,47.9007,47.0274,57.9426,48.1252,47.2884,49.65686,296.770752,330.136188888889,389.378004166667,352.562490740741,319.368320689655,0.583333333333333,0.833333333333333,1,348.5348,398.3541,796.7281,50,90,130,298.5348,308.3541,NA,303.44445
"1043",20,2,3,1,"Climb",0,4,3,3,3,4,2,4,2,5,5,5,5,4,4,3,3,3,3,7,6,3,9,7,32,79.673,69.8849,57.7048,72.0891,69.9217,69.8547,295.050172,344.846377777778,375.827985416667,396.134028037383,398.314553333333,0.333333333333333,0.5,0.416666666666667,348.5336,365.1557,365.0832,50,90,130,298.5336,275.1557,235.0832,269.590833333333
"1044",18,2,2,1,"Dance",0,5,1,4,3,3,3,3,4,3,4,3,2,5,4,3,3,3,3,4,0,0,0,0,4,81.9135,55.3973,51.1965,61.4673,53.5109,60.6971,360.797974,417.0069125,482.01174375,487.620644444444,419.252552173913,0.5,0.583333333333333,0.833333333333333,464.7445,497.8717,580.8852,170,210,250,294.7445,287.8717,330.8852,304.500466666667
"1045",20,1,2,1,"Swim",0,2,5,3,1,5,4,1,1,1,3,1,1,1,1,1,1,1,5,0,0,3,0,0,3,49.6208,55.8415,51.5186,56.2327,52.4931,53.14134,304.696754,298.6969375,339.864089583333,329.143239814815,304.9365375,0.166666666666667,0.583333333333333,0.583333333333333,282.1181,331.8962,331.8962,10,50,90,272.1181,281.8962,241.8962,265.3035
"1046",52,1,3,1,"Yoga",0,5,5,3,3,4,4,3,2,4,3,3,2,3,4,2,3,2,4,2,0,1,6,2,11,63.5257,54.1089,64.9135,73.4334,70.68491047,65.333282094,352.571458,284.531671428571,402.605772340426,397.598253271028,400.208133333333,0.333333333333333,0.583333333333333,0.583333333333333,365.1118,398.3963,398.3963,10,50,90,355.1118,348.3963,308.3963,337.301466666667
"1047",21,2,5,1,"Walk",0,5,2,3,2,2,5,3,2,4,4,4,3,4,5,3,2,5,5,0,4,5,1,1,11,57.9233,55.4882,84.6661,55.2975,91.1485,68.90472,303.101276,324.873014285714,346.505089583333,346.111278703704,322.160086363636,0.5,0.666666666666667,0.666666666666667,331.9779,365.1115,365.1115,50,90,130,281.9779,275.1115,235.1115,264.066966666667
"1048",19,2,2,1,"Jog",0,2,3,3,4,5,5,5,4,3,4,4,2,4,4,5,3,2,3,4,1,1,1,1,8,60.095,74.5231,64.4188,65.4815,65.8103,66.06574,342.155955319149,331.9028,437.043897916667,393.62133490566,334.522652631579,0.5,0.333333333333333,0.75,348.5504,331.9577,414.9676,50,90,130,298.5504,241.9577,284.9676,275.158566666667
"1049",19,2,8,1,"Jog",0,5,2,3,3,4,4,3,3,4,4,3,3,3,3,3,3,2,3,1,1,1,0,0,3,43.8664,41.8457,55.1533,52.8358,42.6286,47.26596,278.727769387755,372.224542857143,428.677459574468,409.93938317757,360.746078947368,0.25,0.666666666666667,0.666666666666667,315.3795,464.7268,464.7268,90,130,170,225.3795,334.7268,294.7268,284.944366666667
"1050",21,2,5,1,"Zumba",0,3,2,3,3,5,3,4,3,4,4,4,3,4,2,2,3,2,2,5,2,7,6,7,27,86.0427,78.2152,74.1171,96.8991,75.4859,82.152,321.942886,374.608428571429,453.633754166667,352.236596261682,301.264546153846,0.166666666666667,0.25,0.666666666666667,282.0942,298.6965,365.1314,10,50,90,272.0942,248.6965,275.1314,265.307366666667
"1051",21,2,2,1,"Box",1,5,3,3,3,1,3,4,3,5,5,5,5,5,4,4,4,4,4,5,7,2,1,1,16,55.0223,48.7093,42.6309,43.6559,56.3974,49.28316,269.83225,340.1994125,359.581033333333,318.233630392157,266.582370967742,0.833333333333333,0.916666666666667,0.833333333333333,398.317,448.1293,398.317,50,90,130,348.317,NA,268.317,308.317
"1052",19,2,2,1,"Weight Train",0,5,3,2,5,4,4,4,4,4,4,2,4,4,2,3,4,1,2,0,3,9,2,3,17,45.1913,47.0758,77.962,57.3082,51.8311,55.87368,319.438944897959,348.5602,412.56414375,424.137576190476,354.80038125,0.416666666666667,0.25,0.666666666666667,381.7358,348.5636,415.0219,90,130,170,291.7358,218.5636,245.0219,251.773766666667
"1058",19,2,2,1,"Swim",0,5,2,3,3,4,5,2,3,2,3,2,2,4,2,2,2,2,4,1,1,2,8,4,16,48.5047,61.3532,74.6473,72.2434,54.0146,62.15264,272.819876,346.666333333333,383.484593617021,382.648879245283,310.12006875,0.25,0.5,0.583333333333333,331.8569,365.0398,381.7347,50,90,130,281.8569,275.0398,251.7347,269.5438
"1059",26,2,8,1,"Yoga",0,5,3,3,4,5,5,3,3,4,4,3,2,4,3,4,4,2,3,7,0,1,1,1,10,54.2472,40.838,40.6851,39.8,59.5084,47.01574,265.510739583333,284.489314285714,341.585547916667,330.988166666667,302.412066666667,0.25,0.416666666666667,0.833333333333333,298.6609,315.3132,381.656,10,50,90,288.6609,265.3132,291.656,281.8767
"1061",23,2,2,1,"Bootcamp",0,2,2,3,3,4,4,3,3,4,3,3,2,2,2,2,3,2,2,2,7,3,2,7,21,49.1949,48.4122,59.2489,54.0451,69.8747,56.15516,314.63656,379.334328571429,519.001766666667,469.936990740741,400.522286666667,0.25,0.333333333333333,0.666666666666667,381.685,398.3115,514.503,210,250,290,171.685,148.3115,224.503,181.499833333333
"1062",18,2,2,1,"Badminton",1,2,2,4,3,2,3,2,5,4,4,1,1,3,2,4,4,1,3,9,0,3,2,0,14,76.8509,45.3882,52.8642,57.358,54.8623,57.46472,302.441663265306,325.25667,422.180027083333,462.407588888889,372.770638461538,0.166666666666667,0.333333333333333,0.583333333333333,365.0272,398.378,481.3446,170,210,250,195.0272,188.378,231.3446,204.9166
"1063",27,2,4,1,"Weight Train",0,5,5,3,3,4,4,3,3,3,5,2,3,4,4,2,3,2,4,1,0,1,3,2,7,113.0364,126.691,109.8532,95.7656,103.015,109.67224,328.577004,353.49175,389.318489583333,382.015672222222,344.043369230769,0.583333333333333,0.75,0.833333333333333,365.0928,431.5185,497.9881,130,170,210,235.0928,261.5185,287.9881,261.533133333333
"1065",21,1,3,1,"Walk",0,5,3,3,1,3,3,2,2,3,3,3,3,2,3,3,2,4,2,0,1,0,0,0,1,61.8419,47.2601,64.2907,80.639,59.0031,62.60696,280.467887755102,368.903355555556,408.403479166667,435.258946296296,353.54306,0.416666666666667,0.5,0.75,398.4777,414.948,481.3128,130,170,210,268.4777,244.948,271.3128,261.5795
"1066",19,2,4,1,"Walk",0,5,4,2,2,3,4,3,3,1,2,1,1,1,4,3,1,4,4,2,3,5,1,1,12,62.9928,80.6354,95.3991,67.5081,58.1341,72.9339,359.200956,323.633925,437.099829166667,435.256715740741,377.021214285714,0.5,0.5,0.75,414.9238,414.9238,481.352,130,170,210,284.9238,244.9238,271.352,267.066533333333
"1067",20,1,4,1,"Yoga",0,2,1,3,4,4,5,4,3,4,5,4,3,3,3,4,3,1,2,1,0,1,0,0,2,50.175,64.6012,54.2632,42.6723,47.9471,51.93176,313.31705,321.520725,403.8478,430.127137037037,347.923382142857,0.583333333333333,0.916666666666667,0.833333333333333,431.466,580.9163,531.1083,90,130,170,341.466,NA,361.1083,351.28715
"1070",21,2,3,1,"Calisthenics",0,5,4,3,3,4,4,3,2,3,4,4,3,2,3,4,4,4,4,12,11,4,9,4,40,56.356,66.3069,65.8865,69.7792,51.1712,61.89996,289.07785,287.610683333333,350.234658333333,319.81338411215,320.848752380952,0.583333333333333,0.5,0.666666666666667,331.8445,315.3356,331.9288,0,10,50,331.8445,305.3356,281.9288,306.369633333333
"1071",18,2,3,1,"Run",0,5,3,3,1,5,4,1,2,1,1,1,1,1,3,2,1,1,2,8,3,2,8,10,31,81.1115,50.7333,80.0438,72.03,59.6368,68.71108,319.270378723404,301.50605,329.552904166667,318.972440566038,301.13159047619,0.416666666666667,0.583333333333333,0.75,298.7281,331.891,348.5481,10,50,90,288.7281,281.891,258.5481,276.389066666667
"1072",20,2,2,1,"Spin",0,5,2,4,3,2,2,2,1,2,3,2,2,1,2,2,2,1,5,0,3,1,0,1,5,46.7361,45.7947,50.3246,55.0234,40.8301,47.74178,301.757812244898,352.202088888889,386.550983333333,384.78865462963,336.431068181818,0.333333333333333,0.75,0.75,331.9154,414.9453,414.9453,90,130,170,241.9154,284.9453,244.9453,257.268666666667
"1073",24,2,2,1,"Walk",0,5,5,3,4,3,4,4,3,3,3,3,3,3,4,4,2,4,4,14,19,31,40,21,125,97.7053,95.5022,118.6961,141.78,102.4655,111.22982,310.49615483871,437.041366666667,481.694472093023,521.738210891089,395.936478571429,0.25,0.416666666666667,0.5,398.2399,448.1075,497.8958,10,50,90,388.2399,398.1075,407.8958,398.081066666667
"1074",23,2,2,1,"Cardio",0,2,3,3,3,4,4,4,2,4,3,2,2,2,2,1,1,2,2,2,2,3,2,4,13,72.0801,60.5372,62.3192,59.0365,54.8312,61.76084,294.406134,379.6013375,448.804064583333,451.647683333333,391.525640909091,0.5,0.416666666666667,0.916666666666667,431.53,414.87,564.2398,130,170,210,301.53,244.87,NA,273.2
"1075",18,1,2,1,"Ultimate Frisbee",1,5,5,4,3,5,5,2,5,4,4,4,4,5,5,5,5,5,5,1,0,5,1,2,9,47.6982,45.25,51.8135,55.6929,44.856,49.06212,300.770424,307.1062125,368.976479166667,387.095533018868,318.382831818182,0.666666666666667,0.666666666666667,0.5,365.2187,365.2187,331.9743,50,90,130,315.2187,275.2187,201.9743,264.137233333333
"1077",21,2,8,1,"Yoga",0,5,1,2,5,4,4,5,2,4,4,2,1,3,2,3,4,1,5,4,3,10,2,8,27,83.4757,66.1049,99.1968,76.0002,68.5125,78.65802,327.563406122449,368.851344444444,455.776266666667,467.253057943925,343.3716875,0.333333333333333,0.416666666666667,0.583333333333333,348.5351,365.1166,415.0313,90,130,170,258.5351,235.1166,245.0313,246.227666666667
"1078",22,2,2,1,"Weight Train",0,5,2,3,2,3,4,4,2,3,3,2,2,3,2,3,2,3,4,3,11,4,4,3,25,48.6495,51.4899,49.2031,49.4987,53.9123,50.5507,313.056666,339.347788888889,396.993625,374.54329537037,335.666027777778,0.25,0.5,0.75,315.3934,365.1201,414.9689,130,170,210,185.3934,195.1201,204.9689,195.1608
"1079",23,2,8,1,"Cardio",0,5,2,3,3,4,5,3,2,4,4,3,3,3,2,3,3,3,3,3,5,2,7,8,25,64.2737,68.3294,74.8733,81.2341,75.5887,72.85984,317.675451020408,396.2144125,463.6755625,567.539277777778,503.43185,0.166666666666667,0.166666666666667,0.166666666666667,464.7346,464.7346,464.7346,130,170,210,334.7346,294.7346,254.7346,294.7346
"1081",19,2,8,1,"Hockey",1,5,5,4,2,5,5,1,5,5,4,4,5,5,5,5,5,2,5,5,6,6,2,4,23,59.7534,55.2017,60.593,58.8284,52.8684,57.44898,276.689083673469,238.539575,354.518782978723,353.72956,300.276980952381,0.5,0.666666666666667,0.583333333333333,331.9639,381.66,348.5395,0,10,50,331.9639,371.66,298.5395,334.054466666667
"1083",19,2,3,1,"Weight Train",0,5,5,3,4,4,5,2,4,4,4,4,3,2,3,3,3,2,4,4,1,14,5,3,27,69.4096,81.1596,69.3466,64.4132,55.7485,68.0155,300.46557755102,317.4164,400.13260212766,407.208704672897,327.330012,0.666666666666667,0.75,0.666666666666667,448.143,481.3488,448.143,130,170,210,318.143,311.3488,238.143,289.2116
"1084",20,1,2,1,"Disc Jockey",0,5,2,3,4,5,5,5,4,5,5,5,5,5,3,5,5,5,5,11,9,4,2,10,36,63.1984,81.1621,65.0231,75.562,67.5187,70.49286,286.006165957447,289.2009,373.765497916667,360.66237962963,308.70438,0.0833333333333333,0.333333333333333,0.416666666666667,298.7231,315.4062,331.9026,10,50,90,NA,265.4062,241.9026,253.6544
"1086",19,2,4,1,"Weight Train",0,2,2,3,5,5,5,5,4,3,5,2,5,1,1,1,4,1,5,13,0,0,0,0,13,94.6858,56.1245,52.8571,41.7765,49.5501,58.9988,335.22624,306.978033333333,440.15301875,390.15805462963,312.525983333333,0.0833333333333333,0.166666666666667,0.75,298.6886,315.2623,448.1449,90,130,170,NA,185.2623,278.1449,231.7036
"1087",18,2,2,1,"Run",0,3,2,2,2,4,4,4,3,3,3,2,2,4,3,3,3,2,3,14,11,13,11,9,58,56.3499,57.949,60.0164,57.7758,44.1983,55.25788,289.032363043478,330.30126,460.619777083333,420.402214018692,372.299266666667,0.5,0.416666666666667,0.833333333333333,348.5809,331.9899,481.3928,50,90,130,298.5809,241.9899,351.3928,297.3212
"1088",21,2,8,1,"Gym",0,5,2,3,3,2,2,4,4,3,3,2,3,5,2,4,4,2,3,19,7,19,22,7,74,61.1024,62.3546,73.8455,85.1518,67.7393,70.03872,262.638906521739,333.58567,440.871335416667,462.600851162791,228.63257037037,0.666666666666667,0.833333333333333,0.75,365.1412,414.9741,381.7639,90,130,170,275.1412,284.9741,211.7639,257.293066666667
"1089",28,2,3,1,"Dance",0,5,5,3,3,4,4,4,4,5,5,4,4,4,5,4,4,5,4,10,4,7,6,2,29,67.0559,80.2037,65.899,72.9953,51.9817,67.62712,386.561629166667,436.235957142857,561.8841375,542.169267592593,495.148338888889,0.416666666666667,0.416666666666667,0.666666666666667,514.4912,514.4912,580.8863,210,250,290,304.4912,264.4912,290.8863,286.6229
"1092",20,2,4,1,"Walk",0,5,5,2,2,4,3,2,3,1,2,2,2,2,3,4,3,4,4,0,1,1,0,4,6,57.8139,55.0348,53.7087,43.5156,50.0294,52.02048,305.682576,294.005614285714,402.124841666667,365.263255769231,309.586346153846,0.583333333333333,0.75,0.833333333333333,365.1044,414.9456,497.8792,90,130,170,275.1044,284.9456,327.8792,295.9764
"1094",21,2,3,1,"Hike",0,5,5,4,5,4,3,5,5,4,4,2,4,3,4,4,3,4,4,2,0,2,4,1,9,93.6492,57.1496,80.6036,61.3995,56.9183,69.94404,287.452138,355.900133333333,368.925033333333,395.860959259259,327.605973913043,0.416666666666667,0.75,0.75,348.5459,431.5965,431.5965,50,90,130,298.5459,341.5965,301.5965,313.912966666667
"1096",18,2,2,1,"Jog",0,5,5,3,3,2,3,3,5,3,2,1,2,2,5,4,4,3,5,1,9,3,0,6,19,45.9683,56.6785,42.436,47.3909,54.7268,49.4401,273.827958333333,311.172975,315.67691875,289.540052427184,276.968282758621,0.583333333333333,0.916666666666667,0.916666666666667,298.6806,332.0024,332.0024,50,90,130,248.6806,NA,NA,248.6806
"1097",19,2,2,1,"Badminton",1,5,2,4,5,5,5,4,5,4,5,1,5,5,5,4,5,5,5,8,3,6,4,4,25,57.1054,62.8988,71.4655,59.8879,53.4777,60.96706,287.472478,363.319188888889,483.448002083333,404.363559259259,355.02505,0.333333333333333,0.416666666666667,0.75,365.1487,381.7909,448.2652,90,130,170,275.1487,251.7909,278.2652,268.4016
"1098",19,2,2,1,"Weight Train",0,5,5,3,4,3,4,3,3,2,2,2,3,3,3,4,3,2,4,8,5,5,8,4,30,58.5761,58.9664,82.7777,69.3664,53.9217,64.72166,277.523706,315.371377777778,346.136254166667,334.581688888889,330.93570625,0,0.583333333333333,0.75,249.0052,331.9424,348.545,10,50,90,NA,281.9424,258.545,270.2437
"1099",20,2,8,1,"Dance",0,5,5,3,4,4,5,4,4,5,4,5,4,5,4,3,5,4,4,4,0,2,0,0,6,65.535,67.4271,62.1064,68.5266,69.9228,66.70358,341.549312,358.878825,469.2236625,432.750707407407,373.420925,0,0.0833333333333333,0.583333333333333,298.7617,348.4678,431.5146,90,130,170,NA,NA,261.5146,261.5146
"1100",19,2,2,1,"Weight Train",0,2,5,3,5,5,5,5,5,3,3,2,2,4,4,4,3,4,3,1,2,3,2,2,10,31.7026,35.95,35.1173,38.8126,37.8907,35.89464,299.044342,329.567685714286,431.850135416667,359.108188888889,321.614593103448,0.5,0.916666666666667,1,331.8827,531.0855,713.6721,130,170,210,201.8827,NA,NA,201.8827
"1101",20,2,2,1,"Dance",0,4,2,2,2,3,2,4,3,3,4,4,2,2,4,4,2,2,2,3,4,10,7,1,25,50.3337,45.9257,62.1428,54.9422,50.168,52.70248,269.295148979592,315.41068,365.866714583333,359.789343518519,331.97720952381,0.5,0.5,0.75,332.0748,332.0748,381.8381,90,130,170,242.0748,202.0748,211.8381,218.662566666667
"1102",18,2,8,1,"Pilates",0,5,1,3,3,5,5,4,2,5,5,2,4,5,2,3,4,1,4,1,1,2,4,0,8,50.0328,42.9307,53.6145,55.2519,48.0032,49.96662,265.165591489362,292.4844375,323.621145833333,318.64085047619,300.298247619048,0.166666666666667,0.75,0.833333333333333,282.1043,331.9831,348.5933,10,50,90,272.1043,281.9831,258.5933,270.893566666667
"1103",18,2,3,1,"Run",0,5,3,4,4,5,5,3,2,4,5,3,4,4,2,5,1,1,2,3,2,1,1,2,9,63.0073,48.9788,67.9728,49.0927,59.051,57.62052,305.673034,384.070885714286,418.018320833333,363.111575925926,325.454266666667,0.25,0.583333333333333,0.666666666666667,315.3416,365.0689,365.1394,10,50,90,305.3416,315.0689,275.1394,298.516633333333
"1105",19,2,3,1,"Run",0,5,4,4,5,5,5,5,5,5,5,3,5,4,5,5,5,4,4,5,3,2,2,0,12,60.7219,49.2294,60.2973,66.0009,68.6886,60.98762,277.091195652174,268.272816666667,324.157527659574,310.990344859813,302.267128571429,0.333333333333333,0.333333333333333,0.5,282.1191,282.1191,298.799,0,0,40,282.1191,282.1191,258.799,274.345733333333
"1107",22,2,2,1,"Swim",0,5,3,3,4,3,4,3,2,3,5,4,4,4,2,3,3,2,3,1,2,2,0,0,5,55.0582,52.558,44.7904,56.5453,37.46,49.28238,301.440994,282.177685714286,358.602627083333,357.188860185185,322.492435714286,0.166666666666667,0.416666666666667,0.583333333333333,298.7522,331.9728,348.55,10,50,90,288.7522,281.9728,258.55,276.425
"1108",21,2,2,1,"Cycle",0,5,2,2,4,3,3,3,3,3,4,2,2,4,5,4,4,3,3,0,2,1,3,7,13,56.7304,49.2853,64.4421,74.364,63.6811,61.70058,282.463012765957,355.630814285714,415.2472125,391.573872641509,334.401775,0.333333333333333,0.583333333333333,0.75,348.472,381.7006,414.847,90,130,170,258.472,251.7006,244.847,251.6732
"1109",23,1,3,1,"Cycle",0,2,3,3,4,4,4,4,5,3,3,2,3,3,2,3,3,4,3,2,5,5,3,4,19,44.5676,56.9761,48.6617,50.9062,51.7422,50.57076,271.174376,315.333825,327.08208125,331.461057407407,306.585521052632,0.166666666666667,0.666666666666667,0.75,282.1512,348.4731,348.5516,10,50,90,272.1512,298.4731,258.5516,276.391966666667
"1111",18,2,2,1,"Hike",0,4,4,4,2,2,3,2,3,4,4,3,3,3,4,3,3,3,3,1,0,2,1,0,4,62.6179,56.6566,67.4677,60.2582,53.0634,60.01276,271.058902083333,289.262057142857,319.13721875,281.81426635514,275.672127777778,0.333333333333333,0.5,0.666666666666667,265.4791,282.0865,298.6745,0,10,50,265.4791,272.0865,248.6745,262.080033333333
"1113",18,2,5,1,"Tennis",1,5,4,4,4,5,5,5,5,5,5,4,5,4,4,4,4,4,4,6,1,11,3,2,23,79.2891,65.3087,100.1243,80.8913,59.8603,77.09474,297.392214,385.878075,493.422195833333,411.358986915888,340.219477777778,0.333333333333333,0.333333333333333,0.833333333333333,331.9741,331.9741,514.4785,90,130,170,241.9741,201.9741,344.4785,262.8089
"1114",18,2,4,1,"Swim",0,5,1,3,2,2,4,4,4,1,1,2,1,2,4,1,5,3,3,1,2,4,3,3,13,71.5625,57.4432,71.0289,81.5834,91.3851,74.60062,278.572843478261,323.6719,422.577010416667,405.818463551402,346.894535,0.25,0.666666666666667,0.75,331.9529,431.6332,481.3586,90,130,170,241.9529,301.6332,311.3586,284.981566666667
"1115",22,1,8,1,"Jog",0,2,4,3,3,5,4,5,5,4,3,2,2,3,5,5,3,4,2,1,2,1,2,1,7,40.743,36.7296,37.5354,43.495,29.7607,37.65274,296.734326,302.8611125,353.571406521739,363.883257407407,324.095452941176,0.333333333333333,0.583333333333333,0.5,331.8533,365.086,348.4831,50,90,130,281.8533,275.086,218.4831,258.474133333333
"1116",19,2,2,1,"Dance",0,5,5,3,4,4,5,5,5,5,5,3,5,4,5,5,5,4,5,17,6,8,9,5,45,99.6057,68.7603,69.384,98.2167,61.6237,79.51808,295.547185106383,341.4181,489.628810416667,459.050292592593,380.774052941176,0.166666666666667,0.583333333333333,0.666666666666667,348.5901,464.6766,481.3081,130,170,210,218.5901,294.6766,271.3081,261.524933333333
"1118",18,2,2,1,"Dance",0,5,3,3,5,5,5,3,2,2,5,5,1,4,2,3,2,1,1,2,1,3,9,0,15,65.7535,52.5794,68.6089,70.709,59.9308,63.51632,233.026564583333,331.956788888889,397.639047916667,390.107327102804,297.335354166667,0.583333333333333,0.833333333333333,0.583333333333333,331.9931,431.5474,331.9931,50,90,130,281.9931,341.5474,201.9931,275.177866666667
"1119",21,2,2,1,"Gym",0,2,3,3,2,4,4,2,2,2,3,3,2,3,2,2,2,2,2,3,4,8,2,2,19,41.9245,39.2106,45.9441,31.5995,39.9368,39.7231,308.252448979592,333.838988888889,419.118464583333,349.978101886792,314.232565517241,0.833333333333333,0.75,0.833333333333333,414.9581,381.7617,414.9581,90,130,170,324.9581,251.7617,244.9581,273.892633333333
"1122",25,1,2,1,"Basketball",1,2,2,4,3,3,4,4,3,4,4,4,4,3,4,4,3,4,4,5,15,14,9,13,56,44.8879,44.9218,53.8767,60.3403,66.2934,54.06402,296.44544,336.101275,390.760910416667,381.773997222222,337.490844444444,0.166666666666667,0.5,0.833333333333333,315.3157,365.1428,448.1992,50,90,130,265.3157,275.1428,318.1992,286.219233333333
"1123",19,2,2,1,"Weight Train",0,5,5,3,2,3,4,4,4,3,4,3,4,3,3,4,3,4,3,21,12,10,15,6,64,70.4841,59.1832,52.456,60.8025,44.9693,57.57902,290.260787755102,680.540957142857,697.128504255319,805.501677358491,697.1174,0.0833333333333333,0.166666666666667,0.5,315.2663,348.5594,448.1429,0,40,80,NA,308.5594,368.1429,338.35115
"1124",21,2,3,1,"Horseback Ride",0,5,5,4,4,5,5,3,5,5,5,5,5,5,5,5,5,5,5,1,0,4,1,1,7,59.0955,57.0702,59.1294,75.2567,45.6068,59.23172,287.415008,310.32336,374.78725,353.890558333333,299.683811764706,0.0833333333333333,0.833333333333333,0.5,265.5342,414.8464,315.4267,50,90,130,NA,324.8464,185.4267,255.13655
"1126",28,1,3,1,"Weight Train",0,2,3,4,4,5,4,3,4,3,5,2,2,3,1,4,2,3,2,1,12,6,2,2,23,45.1186,61.1866,63.2723,51.7965,36.8937,51.65354,303.568622916667,305.843571428571,334.342833333333,319.672512149533,290.914647058824,0.333333333333333,0.5,0.583333333333333,298.6812,298.7696,315.3034,10,50,90,288.6812,248.7696,225.3034,254.2514
"1127",19,2,3,1,"Yoga",0,5,3,2,5,5,5,4,3,4,3,2,2,2,1,1,3,1,4,16,1,5,3,2,27,81.9852,48.1759,56.316,55.2307,52.881,58.91776,278.800616,346.654455555556,423.911320833333,387.702996296296,343.895505555556,0.5,0.416666666666667,0.583333333333333,331.9751,315.3574,365.1011,50,90,130,281.9751,225.3574,235.1011,247.477866666667
"1130",22,2,4,1,"Weight Train",0,5,2,3,4,5,4,5,3,4,5,2,4,3,2,4,4,2,2,0,1,4,3,0,8,62.8383,58.4435,96.9799,69.0053,41.1747,65.68834,449.104198,373.429375,553.92710625,608.110234259259,448.130533333333,0,0.166666666666667,0.0833333333333333,365.0971,448.1619,431.5239,130,170,210,NA,278.1619,NA,278.1619
"1132",20,2,2,1,"Yoga",0,5,2,2,3,5,4,5,2,3,4,2,3,3,2,2,2,2,2,6,2,3,6,5,22,88.8362,79.7822,79.1495,82.5776,86.3725,83.3436,330.911730612245,330.0716,401.095466666667,394.131697196262,344.840844444444,0.333333333333333,0.583333333333333,0.583333333333333,348.4884,381.8022,381.8022,90,130,170,258.4884,251.8022,211.8022,240.6976
"1133",18,2,4,1,"Dance",0,5,3,2,3,4,3,4,3,4,4,5,3,3,2,3,4,3,2,6,0,1,0,2,9,67.015,47.327,52.8986,47.3006,48.5091,52.61006,305.841114285714,385.843575,440.50448125,391.704259259259,361.344468181818,0.5,0.666666666666667,0.666666666666667,381.7762,414.8898,414.8898,90,130,170,291.7762,284.8898,244.8898,273.851933333333
"1134",22,2,2,1,"Weight Train",0,5,4,3,4,3,4,4,5,3,4,4,4,3,3,2,4,2,3,14,5,4,11,8,42,60.3072,69.4729,90.6724,78.499,67.4904,73.28838,280.528426,273.876725,311.576991666667,315.681043518519,298.785395652174,0.416666666666667,0.583333333333333,0.916666666666667,298.7299,315.3002,415.0247,10,50,90,288.7299,265.3002,NA,277.01505
"1135",19,2,3,1,"Hike",0,5,4,2,3,4,4,2,3,4,4,4,4,2,3,4,3,3,4,0,1,3,3,6,13,65.0283,61.8225,79.3694,65.1547,60.3959,66.35416,297.372471428571,298.737385714286,404.684461702128,355.457340776699,315.866641935484,0.666666666666667,1,0.916666666666667,365.1095,763.4546,497.9832,90,130,170,275.1095,NA,NA,275.1095
"1137",20,2,6,1,"Pilates",0,5,2,4,5,5,5,3,5,3,5,2,2,3,5,5,5,5,5,3,5,6,5,2,21,57.3059,61.4376,60.9852,64.0826,47.944,58.35106,341.27908,331.96885,518.370858333333,481.992597196262,511.44625625,0.333333333333333,0.333333333333333,0.666666666666667,414.952,414.952,531.1291,170,210,250,244.952,204.952,281.1291,243.6777
"1139",20,1,3,1,"Ultimate Frisbee",1,2,4,4,4,4,3,3,5,5,5,4,3,3,5,5,3,4,5,0,1,1,2,1,5,51.9633,43.4634,51.4439,43.212,41.7458,46.36568,271.343408163265,297.12354,334.798372340426,343.515601904762,322.481953571429,0.666666666666667,0.916666666666667,0.75,365.1424,514.5493,381.9062,90,130,170,275.1424,NA,211.9062,243.5243
"1141",18,2,7,1,"Run",0,5,2,4,2,4,3,2,4,3,1,2,1,2,2,4,1,1,5,7,6,8,12,2,35,80.9575,70.4853,63.1609,85.8944,51.9289,70.4854,329.084336170213,423.21965,562.932027083333,408.169547524752,373.419831818182,0.416666666666667,0.583333333333333,0.833333333333333,348.4254,398.3163,580.8636,130,170,210,218.4254,228.3163,370.8636,272.5351
"1142",20,1,2,1,"Basketball",1,5,3,4,3,5,4,4,5,5,5,4,5,5,5,5,5,3,5,3,2,3,4,3,15,48.8256,40.3408,51.3673,45.9354,42.6682,45.82746,306.404794,369.3015375,349.955166666667,380.068522222222,334.4362,0.583333333333333,0.916666666666667,0.75,381.7639,481.3646,414.9981,90,130,170,291.7639,NA,244.9981,268.381
"1144",18,2,8,1,"Badminton",1,5,2,4,2,4,4,2,3,4,4,3,4,5,2,5,4,4,4,1,0,1,0,2,4,62.7543,56.7448,64.4912,75.9122,71.3049,66.24148,306.083358,326.415322222222,392.84298125,353.034662962963,333.250030769231,0.166666666666667,0.333333333333333,0.583333333333333,282.1744,315.3197,348.532,50,90,130,232.1744,225.3197,218.532,225.342033333333
"1146",20,2,8,1,"Run",0,5,2,4,1,5,5,2,3,5,5,1,2,2,1,1,1,2,1,0,2,1,0,0,3,61.3724,56.4356,52.6471,65.5248,54.96,58.18798,378.108078,462.399542857143,516.639410416667,479.978449074074,373.470875,0.333333333333333,0.25,0.75,398.3778,381.7231,564.343,170,210,250,228.3778,171.7231,314.343,238.147966666667
"1148",21,1,3,1,"Soccer",1,5,4,4,2,2,5,5,5,5,5,5,5,5,4,4,5,5,5,6,1,1,2,2,12,69.8358,52.2952,71.8554,72.7635,61.313,65.61258,244.575910869565,485.445375,394.85236875,339.289039814815,302.853335,0.583333333333333,0.333333333333333,0.75,331.9273,315.2779,365.0647,10,50,90,321.9273,265.2779,275.0647,287.4233
"1149",19,2,2,1,"Martial Arts",1,3,1,3,3,2,3,4,2,4,4,2,3,4,4,2,3,3,3,4,1,2,0,1,8,44.7119,40.8875,35.2633,40.851,37.0971,39.76216,281.05774,306.187266666667,318.12419375,337.759721698113,309.243921052632,0.416666666666667,0.5,0.666666666666667,315.3588,331.9164,348.5282,0,0,40,315.3588,331.9164,308.5282,318.601133333333
"1150",20,2,2,1,"Walk",0,2,2,2,3,4,2,2,4,4,3,4,3,2,3,4,4,4,4,3,3,3,2,2,13,43.9217,49.3374,62.4372,71.8428,57.8248,57.07278,359.147882,535.2998875,418.382672916667,455.651282407407,379.161576923077,0.166666666666667,0.416666666666667,0.5,365.0585,414.8762,431.4982,90,130,170,275.0585,284.8762,261.4982,273.810966666667
"1151",21,2,6,1,"Weight Train",0,5,5,3,2,2,4,3,3,3,3,2,2,3,2,4,3,2,2,9,10,8,5,3,35,65.1876,67.1807,62.1487,58.1214,62.1032,62.94832,325.490191836735,313.216875,378.928529166667,410.761644444444,324.53695,0.5,0.416666666666667,0.583333333333333,381.6791,365.0892,381.7521,50,90,130,331.6791,275.0892,251.7521,286.173466666667
"1152",19,2,3,1,"Circuit Train",0,5,2,3,3,4,4,4,2,3,5,3,3,3,4,2,2,4,3,2,3,0,1,2,8,41.7463,33.2977,38.4686,34.7456,31.3363,35.9189,277.438744897959,318.68355,317.858863829787,305.127287850467,287.16766,0.25,0.666666666666667,0.75,282.1406,315.3492,315.3774,10,50,90,272.1406,265.3492,225.3774,254.289066666667
"1154",22,2,4,1,"Spin",0,4,3,4,3,5,4,4,4,4,4,4,5,4,4,4,4,5,5,5,2,13,7,5,32,91.362,85.1623,174.8762,88.2859,71.8437,102.30602,487.307008,595.187457142857,496.90115,527.137356481481,395.558927777778,0.333333333333333,0.416666666666667,0.75,414.9983,481.3209,597.5956,130,170,210,284.9983,311.3209,387.5956,327.9716
"1155",20,2,2,1,"Run",0,2,3,3,3,3,4,3,4,4,5,4,4,2,4,4,3,2,4,17,11,18,30,20,96,62.7145,43.5965,56.2665,64.3072,54.3633,56.2496,269.633906122449,344.881066666667,500.045589583333,412.205403703704,313.575553571429,0.75,0.583333333333333,1,464.7972,381.7818,896.3232,90,130,170,374.7972,251.7818,NA,313.2895
"1156",20,1,4,1,"Weight Train",0,5,3,4,3,4,4,4,4,5,4,3,4,4,3,4,4,3,3,1,1,0,10,0,12,86.1055,71.4949,70.3253,89.0841,67.6374,76.92944,439.49066875,488.740544444444,553.60996875,457.234267307692,349.152619230769,0.75,0.666666666666667,0.75,531.1922,481.3733,531.1922,170,210,250,361.1922,271.3733,281.1922,304.5859
"1159",19,2,4,1,"Dance",0,5,5,3,4,4,5,5,4,3,3,4,4,4,5,3,4,5,4,0,2,1,0,0,3,68.0244,68.4762,58.5399,68.5603,60.0833,64.73682,386.377536,483.143322222222,617.242379166667,613.674408333333,495.001488235294,0.416666666666667,0.416666666666667,0.583333333333333,580.8199,580.8199,647.393,330,370,410,250.8199,210.8199,237.393,233.010933333333
"1161",20,2,3,1,"Gym",0,2,2,3,2,2,2,2,2,2,2,2,2,2,2,2,2,2,2,15,17,4,30,1,67,80.5269,75.1323,63.4777,101.0083,51.9511,74.41926,361.224630434783,383.6001,487.736340425532,507.352656481481,419.357389473684,0.416666666666667,0.583333333333333,0.583333333333333,448.1704,481.3974,481.3974,170,210,250,278.1704,271.3974,231.3974,260.321733333333
"1162",18,2,2,1,"Walk",0,2,4,3,3,3,4,4,3,3,2,3,2,2,4,2,2,3,4,5,1,8,3,2,19,47.0892,38.2088,46.6813,45.4511,40.8909,43.66426,271.301532608696,260.798142857143,336.429379166667,333.826792380952,300.12695,0.166666666666667,0.333333333333333,0.5,282.0961,298.7058,315.3567,0,0,40,282.0961,298.7058,275.3567,285.3862
"1163",18,2,8,1,"Dance",0,5,5,4,3,5,5,3,5,3,4,5,3,2,5,5,5,5,5,1,6,1,3,6,17,67.6158,92.9086,79.7398,60.5448,64.9416,73.15012,286.31995625,313.28475,363.402672340426,380.686111214953,340.273876923077,0.666666666666667,0.583333333333333,0.916666666666667,398.309,365.1575,514.5568,90,130,170,308.309,235.1575,NA,271.73325
"1164",20,2,2,1,"Gym",0,3,3,3,4,5,4,4,3,3,3,2,3,3,2,3,3,3,4,15,3,1,4,8,31,91.0921,59.0932,52.6728,54.7538,73.5835,66.23908,308.69451,327.207,432.5630375,461.346215740741,372.120473684211,0.333333333333333,0.583333333333333,0.666666666666667,414.9264,481.3674,497.9801,170,210,250,244.9264,271.3674,247.9801,254.757966666667
"1165",20,2,3,1,"Volleyball",1,5,4,4,4,4,5,3,5,4,5,2,4,5,3,5,2,4,4,3,6,0,1,1,11,57.7987,63.36,57.377,59.4132,62.6979,60.12936,315.711093877551,307.0654625,358.595952083333,357.332882407407,324.51154,0.416666666666667,0.583333333333333,0.666666666666667,332.0218,365.1775,381.7069,50,90,130,282.0218,275.1775,251.7069,269.6354
"1166",20,2,2,1,"Weight Train",0,5,2,3,2,2,3,3,2,4,4,3,4,3,4,2,2,2,3,40,33,23,18,17,131,130.2674,108.9023,103.5582,100.4383,84.9238,105.618,312.218547916667,346.680988888889,421.843366666667,761.7866,428.230506666667,0.333333333333333,0.333333333333333,0.583333333333333,448.0868,448.0868,547.6796,130,170,210,318.0868,278.0868,337.6796,311.2844
"1167",21,2,2,1,"Yoga",0,5,2,3,3,4,4,4,2,3,3,2,2,4,2,5,5,3,2,7,6,8,4,7,32,71.4128,52.6468,60.7923,61.9443,73.5467,64.06858,206.994268421053,315.333771428571,379.659341666667,373.584569444444,326.067888235294,0.5,0.166666666666667,0.75,348.5087,298.7338,398.4195,50,90,130,298.5087,208.7338,268.4195,258.554
"1168",22,2,3,1,"Dance",0,5,5,3,4,4,5,4,4,3,4,5,4,5,4,4,4,4,5,1,0,4,0,2,7,51.2751,55.8569,77.2661,62.9742,60.9693,61.66832,290.473860416667,334.755333333333,480.329977083333,419.735748148148,327.096847058824,0.333333333333333,0.416666666666667,0.666666666666667,348.5335,381.7449,464.7226,130,170,210,218.5335,211.7449,254.7226,228.333666666667
"1170",20,2,2,1,"Golf",0,5,4,3,3,4,4,4,4,4,5,5,5,5,1,4,4,1,5,6,4,0,4,3,17,66.1966,74.0836,74.5201,71.2455,64.048,70.01876,304.807579591837,298.708471428571,386.201733333333,426.439709259259,329.8327375,0.0833333333333333,0.25,0.333333333333333,298.7511,365.0343,365.129,50,90,130,NA,275.0343,235.129,255.08165
"1171",19,2,2,1,"Run",0,5,1,3,2,3,4,4,4,2,2,3,2,3,4,4,2,3,3,2,2,11,4,10,29,56.094,51.8221,68.5792,73.7302,70.0283,64.05076,309.686332,367.919733333333,465.079258333333,424.615998148148,333.61446,0.166666666666667,0.25,0.416666666666667,331.9532,348.5484,398.2884,130,170,210,201.9532,178.5484,188.2884,189.596666666667
"1172",20,2,2,1,"Yoga",0,5,3,3,3,5,3,3,2,4,4,3,4,3,2,3,3,1,3,1,3,3,3,6,16,74.091,69.3234,56.3489,69.0756,68.1336,67.3945,311.640659183673,278.0187125,357.903808333333,332.440608411215,294.048447619048,0.333333333333333,0.75,0.666666666666667,282.2483,365.1341,348.5314,10,50,90,272.2483,315.1341,258.5314,281.971266666667
"1173",32,1,3,1,"Weight Train",0,5,5,3,3,3,4,4,4,4,4,4,4,4,2,3,4,3,4,3,0,7,6,1,17,63.2916,50.582,71.5816,81.3439,72.8271,67.92524,345.873126,389.111522222222,434.655839583333,427.685666666667,381.734384210526,0.333333333333333,0.666666666666667,0.583333333333333,365.12,448.0717,415.0216,130,170,210,235.12,278.0717,205.0216,239.404433333333
"1174",21,2,3,1,"Run",0,5,2,3,2,5,5,2,2,4,3,3,2,2,2,2,2,4,2,2,7,10,16,5,40,62.4023,80.7611,79.2561,91.6586,60.1534,74.8463,283.286104444444,333.817077777778,485.796611111111,382.753314851485,274.232830434783,0.583333333333333,0.666666666666667,0.666666666666667,365.1446,398.3651,398.3651,90,130,170,275.1446,268.3651,228.3651,257.2916
"1175",18,2,3,1,"Cheerlead",0,5,3,4,4,4,4,5,4,4,4,4,4,5,3,3,4,4,4,9,2,2,10,10,33,71.3968,85.8976,91.4081,91.7594,114.9338,91.07914,357.505329166667,348.5073375,442.933058333333,413.833132407407,354.074053333333,0.416666666666667,0.5,0.333333333333333,365.1272,398.2477,348.4826,90,130,170,275.1272,268.2477,178.4826,240.619166666667
"1177",18,2,6,1,"Dance",0,5,2,4,2,3,5,4,4,4,5,4,3,3,5,4,3,3,5,9,2,2,8,4,25,52.207,52.0994,38.3542,59.7876,47.414,49.97244,318.69795,292.5775375,328.155745833333,344.429910185185,316.750895833333,0.833333333333333,0.416666666666667,0.75,398.3536,315.3852,365.1705,10,50,90,388.3536,265.3852,275.1705,309.636433333333
"1178",21,2,2,1,"Run",0,5,1,3,1,3,5,1,1,2,3,1,1,1,3,1,1,2,2,1,3,0,5,6,15,44.2255,57.7631,75.8899,68.4113,54.3741,60.13278,312.976658,320.832911111111,379.64025,356.267052336449,313.540160714286,0.583333333333333,0.75,1,331.9024,365.114,1079.0016,90,130,170,241.9024,235.114,NA,238.5082
"1179",19,2,2,1,"Run",0,2,1,3,2,3,1,2,3,2,1,1,1,1,4,3,1,1,5,1,1,0,0,2,4,54.5425,58.7373,95.6083,62.9282,51.9434,64.75194,324.603236,384.047942857143,382.759472916667,367.291260747664,305.739692307692,0.5,0.833333333333333,0.833333333333333,331.9233,464.7332,464.7332,90,130,170,241.9233,334.7332,294.7332,290.463233333333
"1180",21,1,2,1,"Run",0,5,3,4,2,5,4,4,3,4,4,3,4,4,2,4,4,2,4,15,4,7,3,4,33,82.6105,68.033,77.8097,65.7236,75.503,73.93596,274.847747916667,339.302655555556,372.019277083333,369.732027777778,330.5018375,0.583333333333333,0.916666666666667,0.5,365.1255,481.2965,348.4863,90,130,170,275.1255,NA,178.4863,226.8059
"1181",21,2,2,1,"Pilates",0,5,2,2,3,3,5,4,2,3,4,2,2,2,2,2,2,2,2,3,7,2,3,7,22,55.5888,60.8876,62.1289,65.2611,64.8971,61.7527,305.092618,471.0132625,662.586925,660.049997169811,601.252822222222,0.166666666666667,0.0833333333333333,0.5,348.5489,298.7713,597.5368,130,170,210,218.5489,NA,387.5368,303.04285
"1182",26,2,3,1,"Run",0,5,3,3,3,3,3,4,4,4,2,2,3,2,2,3,4,4,2,0,1,3,3,2,9,87.4134,76.2612,107.3494,89.8768,80.1007,88.2003,403.760606122449,503.461216666667,539.955095744681,554.159341509434,450.1929875,0.166666666666667,0.166666666666667,0.333333333333333,398.3837,398.3837,481.3006,10,50,90,388.3837,348.3837,391.3006,376.022666666667
"1183",18,1,3,1,"Dance",0,5,3,4,4,4,4,4,3,3,3,5,3,3,4,3,2,1,4,8,3,10,5,11,37,44.431,55.6193,60.5785,73.1746,57.4683,58.25434,263.8809,274.785733333333,291.370023404255,301.717624299065,277.438878571429,0.583333333333333,0.833333333333333,0.916666666666667,298.7641,331.9758,365.1745,10,50,90,288.7641,281.9758,NA,285.36995
"1184",20,2,2,1,"Martial Arts",1,5,3,3,3,4,4,4,4,5,5,3,4,4,4,4,4,3,4,2,1,1,0,2,6,42.1395,45.1956,46.9731,52.2381,44.3981,46.18888,309.033826,350.616525,376.536927083333,382.185350925926,359.96418125,0.25,0.25,0.833333333333333,348.4767,348.4767,431.4708,50,90,130,298.4767,258.4767,301.4708,286.1414
"1185",21,2,2,1,"Walk",0,3,2,2,3,4,3,3,4,3,4,2,2,2,2,1,2,2,2,2,7,2,7,5,23,48.2703,46.7312,40.8673,48.7596,42.1571,45.3571,265.856079166667,275.8929125,298.027489583333,316.714658878505,296.763594117647,0.0833333333333333,0.583333333333333,0.75,265.5387,315.3493,331.9746,0,0,40,NA,315.3493,291.9746,303.66195
"1189",19,2,3,1,"Softball",1,5,5,3,2,4,5,3,4,4,4,2,3,3,4,5,5,4,5,0,3,3,1,3,10,60.6708,56.3074,58.2272,75.638,67.0005,63.56878,368.50377,400.218577777778,453.701179166667,515.185693518519,456.47666875,0.416666666666667,0.333333333333333,0.583333333333333,481.3488,464.7478,514.5717,170,210,250,311.3488,254.7478,264.5717,276.889433333333
"1190",20,2,2,1,"Soccer",1,5,3,4,3,5,5,4,5,4,4,4,4,5,5,5,3,4,5,0,3,5,5,1,14,86.5224,90.3795,89.7246,96.0265,76.8901,87.90862,322.310968,324.842314285714,366.858675,350.679658333333,315.336752631579,0.25,0.583333333333333,0.75,298.7486,348.4812,381.6701,50,90,130,248.7486,258.4812,251.6701,252.966633333333
"1192",23,2,6,1,"Cardio",0,5,2,3,1,1,3,2,2,4,4,3,4,3,2,3,2,3,4,5,7,4,6,4,26,74.8468,53.5688,64.5243,78.6468,56.8057,65.67848,290.482941666667,466.8335625,522.5390875,451.293883018868,369.327865,0.416666666666667,0.583333333333333,0.666666666666667,398.3278,464.7305,481.3587,90,130,170,308.3278,334.7305,311.3587,318.139
"1193",23,1,2,1,"Cardio",0,5,2,3,2,3,2,2,1,2,2,3,2,1,4,3,2,3,2,11,10,14,11,18,64,55.3108,53.6276,62.7122,70.9612,55.4375,59.60986,357.166718,381.736744444444,542.88835,557.562218518519,387.597529411765,0.25,0.666666666666667,0.5,414.8874,531.12,481.3812,130,170,210,284.8874,361.12,271.3812,305.7962
"1194",20,1,2,1,"Volleyball",1,5,5,4,2,3,4,4,5,5,5,5,5,5,5,5,5,5,5,38,18,47,21,6,130,111.3913,82.4796,151.0112,110.5979,75.8649,106.26898,255.889322916667,289.564444444444,385.257213953488,809.725372,335.436383333333,0.666666666666667,0.75,0.583333333333333,497.949,531.2125,414.9675,50,90,130,447.949,441.2125,284.9675,391.376333333333
"1195",21,2,3,1,"Volleyball",1,5,4,3,3,5,3,4,5,5,5,3,4,5,5,5,5,5,5,3,0,3,0,1,7,50.1291,36.0873,58.0368,46.8405,45.1535,47.24944,292.961881632653,341.410571428571,323.978770833333,327.273704672897,303.603688235294,0.166666666666667,0.5,0.75,282.1653,331.8421,348.5467,10,50,90,272.1653,281.8421,258.5467,270.851366666667
"1196",18,1,2,1,"Badminton",1,5,5,3,2,3,5,2,5,3,5,4,4,5,4,5,4,1,4,4,6,8,9,9,36,61.9954,62.3026,57.7314,61.0834,54.3892,59.5004,291.471096,301.145142857143,361.722041666667,321.268334579439,299.648294736842,0.333333333333333,0.416666666666667,0.833333333333333,298.7214,298.764,365.1628,50,90,130,248.7214,208.764,235.1628,230.882733333333
"1197",23,2,8,1,"Pure Barre",0,3,5,2,1,4,4,2,4,3,4,2,2,3,2,4,2,1,5,1,2,4,0,1,8,51.9758,57.9543,48.5652,48.513,46.3944,50.68054,300.724996,272.642014285714,307.710825,311.940601851852,308.496429411765,0.0833333333333333,0.5,0.833333333333333,248.9845,315.2228,348.503,0,10,50,NA,305.2228,298.503,301.8629
"1198",21,2,2,1,"Weight Train",0,5,2,3,4,5,4,5,5,4,3,2,3,4,3,4,4,2,5,3,7,0,2,3,15,64.4554,55.3522,57.8106,57.4926,72.9702,61.6162,274.147458,357.759966666667,395.885739583333,370.643191666667,343.54491,0.25,0.666666666666667,0.75,331.9493,365.1827,381.765,50,90,130,281.9493,275.1827,251.765,269.632333333333
"1199",21,2,3,1,"Softball",1,5,4,3,1,5,5,1,5,4,3,3,2,5,5,5,3,4,5,8,7,14,16,10,55,43.5857,46.4801,59.6324,57.3605,53.0696,52.02566,281.121182978723,340.250825,406.32184375,389.913943396226,354.684473684211,0.416666666666667,0.333333333333333,0.833333333333333,348.5632,332.0039,481.3862,90,130,170,258.5632,202.0039,311.3862,257.317766666667
"1200",22,2,3,1,"Weight Train",0,5,5,4,5,4,5,5,5,4,4,4,3,4,2,2,4,2,5,1,6,1,5,0,13,55.1457,62.1283,50.3194,68.335,55.2567,58.23702,263.406591489362,271.083966666667,323.069153333333,332.69587037037,297.31765,0.0833333333333333,0.166666666666667,0.75,282.1179,298.6794,348.5095,0,10,50,NA,288.6794,298.5095,293.59445
"1201",21,2,3,1,"Soccer",1,2,5,4,3,4,5,2,5,4,2,2,4,4,3,4,4,2,5,8,1,0,10,1,20,46.3215,34.4598,42.5503,42.9072,40.6923,41.38622,280.46494375,293.233566666667,365.522878723404,376.70382962963,305.274465217391,0.5,0.75,0.666666666666667,332.0283,431.5882,398.3468,90,130,170,242.0283,301.5882,228.3468,257.3211
"1202",19,2,2,1,"Dance",0,4,3,4,2,4,4,4,4,4,3,5,5,4,3,4,5,3,2,0,1,3,2,5,11,71.8643,54.0067,70.7919,50.1711,64.8195,62.3307,277.960539583333,341.409885714286,396.910985416667,366.041288785047,297.433769230769,0.25,0.333333333333333,0.5,315.246,315.3358,348.4897,10,50,90,305.246,265.3358,258.4897,276.357166666667
"1203",23,2,2,1,"Jog",0,5,2,4,5,5,5,2,1,2,4,1,1,4,5,1,1,1,5,0,1,0,0,0,1,52.8171,58.9455,47.5819,57.5074,46.918,52.75398,361.3948,410.177571428571,544.956104166667,415.69447037037,381.071088,0.583333333333333,0.75,0.75,431.4966,481.29,481.29,210,250,290,221.4966,231.29,191.29,214.6922
"1204",19,2,3,1,"Run",0,5,5,4,1,3,4,2,4,3,3,2,3,4,4,3,3,4,4,1,0,1,0,0,2,80.6915,57.118,67.5016,70.8732,57.7721,66.79128,490.678912,411.2725,537.061389583333,469.697531481481,379.91887037037,0.666666666666667,0.666666666666667,0.916666666666667,514.612,514.612,680.5303,210,250,290,304.612,264.612,NA,284.612
"1207",20,1,2,1,"Basketball",1,5,3,4,2,2,2,2,2,3,4,3,3,3,4,3,3,3,3,10,45,57,104,92,308,72.6622,87.2846,88.3538,89.0551,95.5745,86.58604,461.737194,321.5739375,434.647075,461.964037962963,365.96189,0.5,0.416666666666667,0.75,431.5729,414.9036,547.6697,170,210,250,261.5729,204.9036,297.6697,254.7154
"1208",20,1,2,1,"Weight Train",0,3,3,3,3,2,2,2,1,3,3,2,1,2,2,1,1,1,1,2,4,3,0,1,10,57.886,60.623,56.0688,62.3659,60.4964,59.48802,298.711659183673,327.7841125,421.041645652174,467.683009433962,351.550663636364,0.166666666666667,0.25,0.5,331.8211,331.9169,431.4847,50,90,130,281.8211,241.9169,301.4847,275.074233333333
"1209",21,2,8,1,"Jog",0,3,1,2,2,3,3,2,2,3,4,4,2,2,4,2,4,4,2,0,0,1,3,3,7,62.6806,67.1147,56.6332,70.2374,51.9348,61.72014,408.663704,352.246977777778,460.964635416667,489.670100943396,410.351488888889,0.25,0.666666666666667,0.583333333333333,365.164,481.3257,448.1635,130,170,210,235.164,311.3257,238.1635,261.551066666667
"1210",24,1,2,1,"Weight Train",0,5,2,3,4,3,3,4,4,4,4,3,3,2,3,2,2,3,2,6,6,3,1,2,18,51.7403,55.7999,47.1379,60.8912,65.3553,56.18492,281.768904166667,304.9281625,382.74405,353.742697222222,295.58445625,0.0833333333333333,0.583333333333333,0.666666666666667,265.4818,331.8581,331.9492,10,50,90,NA,281.8581,241.9492,261.90365
"1211",19,2,2,1,"Run",0,5,3,3,3,4,4,2,2,3,2,2,2,2,3,3,2,2,3,0,3,3,8,4,18,65.6946,55.5976,66.7264,62.8232,57.5011,61.66858,314.655594,354.747875,444.325397916667,452.282605555556,369.541193333333,0.583333333333333,0.166666666666667,0.5,464.7266,348.5023,431.5659,130,170,210,334.7266,178.5023,221.5659,244.9316
"1212",18,2,2,1,"Weight Train",0,2,5,3,5,3,4,4,4,5,5,4,4,5,2,4,4,3,4,6,9,1,3,7,26,48.9382,48.4934,55.6472,49.1616,44.639,49.37588,281.155275510204,358.053928571429,393.18863125,361.327417592593,328.959354545455,0.416666666666667,0.583333333333333,0.833333333333333,331.9708,348.6162,414.9002,50,90,130,281.9708,258.6162,284.9002,275.1624
"1213",22,1,2,1,"Walk",0,2,2,2,3,3,4,3,3,3,2,4,3,3,3,2,3,3,3,12,20,8,24,7,71,78.9844,72.0392,99.6483,135.2233,66.9775,90.57454,295.677675510204,320.868788888889,387.609541666667,353.281955555556,309.787344444444,0.25,0.666666666666667,0.583333333333333,298.7418,348.5762,348.4818,10,50,90,288.7418,298.5762,258.4818,281.933266666667
"1214",20,2,2,1,"Weight Train",0,2,2,3,4,3,5,4,3,4,5,4,3,3,3,3,3,3,2,3,3,5,1,4,16,51.4857,46.6033,44.0356,44.3666,44.0196,46.10216,293.969302040816,389.981983333333,513.12758125,466.090535185185,361.295592307692,0.25,0.416666666666667,0.416666666666667,348.5658,398.2951,398.2951,130,170,210,218.5658,228.2951,188.2951,211.718666666667
"1215",18,2,3,1,"Rugby",1,5,5,4,4,4,5,4,4,4,5,3,4,5,5,4,4,5,4,0,14,5,0,4,23,42.6239,73.1735,48.1092,52.6444,47.8927,52.88874,345.254828,410.8037125,505.9201,436.801073148148,381.77664,0.333333333333333,0.25,0.666666666666667,365.2254,348.6934,464.7869,130,170,210,235.2254,178.6934,254.7869,222.9019
"1216",22,1,8,1,"Skateboard",0,5,4,4,2,4,3,1,5,4,5,4,4,5,4,5,4,4,5,1,0,1,2,1,5,56.5813,58.5942,59.0724,58.6853,50.3081,56.64826,278.143508,272.18467,311.85571875,306.105792592593,282.1291375,0.416666666666667,0.0833333333333333,0.833333333333333,298.69,248.9944,331.9841,0,10,50,298.69,NA,281.9841,290.33705
"1218",30,2,2,1,"Jog",0,2,2,2,2,4,4,2,3,4,4,2,2,2,3,2,2,3,2,3,1,0,2,2,8,54.473,42.874,53.2659,58.939,46.3497,51.18032,328.917214,402.4467375,550.818695833333,547.23922962963,458.07268,0.166666666666667,0.0833333333333333,0.583333333333333,414.9662,365.0731,580.8979,210,250,290,204.9662,NA,290.8979,247.93205
"1219",19,2,3,1,"Yoga",0,5,5,3,4,5,5,5,2,4,5,3,4,4,2,4,4,3,4,4,4,4,5,2,19,63.6187,56.1659,74.4619,79.598,62.6997,67.30884,267.7476125,298.771366666667,377.617945833333,310.152055238095,292.284182608696,0.5,0.666666666666667,0.75,282.2817,315.4528,331.9647,0,10,50,282.2817,305.4528,281.9647,289.899733333333
"1220",19,2,3,1,"Run",0,5,1,4,3,4,5,2,2,3,4,2,2,3,4,4,2,3,4,4,6,4,3,3,20,43.7883,52.5009,64.2026,55.0396,47.7475,52.65578,333.595326,379.63805,405.595010416667,382.196071296296,356.431952380952,0.333333333333333,0.75,0.666666666666667,331.962,398.4042,381.784,90,130,170,241.962,268.4042,211.784,240.716733333333
"1222",18,1,2,1,"Weight Train",0,3,3,3,4,4,5,3,3,4,5,2,3,2,3,3,2,2,4,18,22,5,2,9,56,55.9717,61.7835,37.9272,43.9117,39.5798,47.83478,300.72385,338.572,381.399510416667,358.054375,341.6155,0.5,0.5,1,348.5666,348.5666,531.1033,90,130,170,258.5666,218.5666,NA,238.5666
"1223",22,2,2,1,"Weight Train",0,5,2,3,3,2,4,4,1,3,4,4,5,2,2,3,3,3,4,2,0,2,1,1,6,60.2278,61.3524,50.3443,62.8813,58.7801,58.71718,258.793414285714,294.665125,379.345889583333,386.092396296296,319.291111764706,0.333333333333333,0.5,0.583333333333333,298.8724,331.9496,365.1659,50,90,130,248.8724,241.9496,235.1659,241.995966666667
"1224",19,1,2,1,"Badminton",1,5,3,3,2,3,3,4,5,3,4,3,3,3,3,4,3,2,3,2,5,4,6,6,23,37.7534,54.3746,55.0482,46.1321,52.3657,49.1348,255.282765957447,293.200566666667,339.529435416667,350.394522429907,303.69753,0.5,0.5,0.666666666666667,331.8757,331.8757,348.5751,50,90,130,281.8757,241.8757,218.5751,247.442166666667
"1225",18,1,2,1,"Jog",0,2,3,3,2,4,4,2,3,3,3,2,2,2,3,3,2,4,2,9,7,6,7,10,39,53.5049,41.5314,49.5651,57.1972,49.2411,50.20794,261.268034,340.254475,432.258279166667,374.098050925926,339.848852631579,0.166666666666667,0.583333333333333,0.833333333333333,298.8761,365.1765,431.5547,50,90,130,248.8761,275.1765,301.5547,275.202433333333
"1227",20,1,2,1,"Swim",0,5,4,4,3,3,3,2,1,2,4,2,1,2,2,3,3,3,3,7,5,4,3,3,22,45.0082,44.3723,52.6395,55.11,40.3237,47.49074,262.203524,278.00445,307.025204166667,329.929123148148,276.582157142857,0.166666666666667,0.75,0.833333333333333,265.5336,331.8927,348.5564,10,50,90,255.5336,281.8927,258.5564,265.327566666667
"1228",21,1,2,1,"Basketball",1,4,3,3,5,5,5,4,4,4,5,4,4,5,3,5,2,2,3,2,2,1,1,0,6,45.0535,45.4216,44.748,64.4893,39.8736,47.9172,308.109741666667,315.3615375,397.333925,369.361287850467,324.1656,0.25,0.583333333333333,0.583333333333333,331.9588,381.7326,381.7326,50,90,130,281.9588,291.7326,251.7326,275.141333333333
"1229",20,2,2,1,"Yoga",0,2,2,3,4,3,4,4,3,4,2,2,3,4,4,2,2,4,3,0,1,1,7,2,11,53.1757,60.6991,73.7789,96.6705,64.6816,69.80116,291.782256,340.257125,385.2383125,372.090308333333,319.899627272727,0.0833333333333333,0.25,0.583333333333333,315.3007,331.9182,365.1195,10,50,90,NA,281.9182,275.1195,278.51885
"1231",20,1,4,1,"Basketball",1,5,4,4,4,4,4,4,5,5,5,5,5,5,5,5,5,4,5,9,10,25,5,5,54,66.7742,91.7645,107.0756,95.5728,60.5118,84.33978,303.089106,365.193842857143,514.2283375,486.431114814815,361.611542857143,0.25,0.5,0.416666666666667,348.5309,431.5676,381.7442,170,210,250,178.5309,221.5676,131.7442,177.2809
"1233",20,2,2,1,"Dance",0,2,2,2,3,4,2,4,2,4,4,3,3,2,2,2,2,2,3,6,9,8,3,5,31,48.2523,53.7186,45.8085,36.6106,42.578,45.3936,289.46676,353.332485714286,383.163972916667,385.456855555556,354.334965217391,0.416666666666667,0.583333333333333,0.916666666666667,365.0944,381.7447,481.4306,90,130,170,275.0944,251.7447,NA,263.41955
"1234",21,2,3,1,"Pilates",0,2,4,2,4,4,5,4,1,4,4,2,1,3,5,2,2,1,4,1,2,9,11,2,25,64.5731,72.6491,78.72,94.0487,62.1727,74.43272,262.74954375,302.401133333333,330.876302083333,309.733861682243,269.66545,0.833333333333333,0.833333333333333,0.666666666666667,365.1031,365.1031,331.9104,10,50,90,355.1031,315.1031,241.9104,304.038866666667
"1236",19,2,3,1,"Jog",0,2,2,3,2,4,4,1,3,3,3,3,4,2,4,4,4,3,3,3,6,1,5,3,18,61.7991,65.9841,54.6549,54.9215,49.3513,57.34218,299.096106,339.103485714286,403.663844680851,432.033946296296,351.047165,0.666666666666667,0.416666666666667,0.583333333333333,448.1347,381.7531,431.5169,90,130,170,358.1347,251.7531,261.5169,290.468233333333
"1238",20,2,3,1,"Badminton",1,2,5,4,2,4,5,2,3,4,5,3,5,3,4,5,4,3,3,2,6,0,4,2,14,50.8408,59.4328,44.1478,57.4652,50.2522,52.42776,253.056470833333,275.0004,297.238833333333,305.66493047619,292.2428,0.166666666666667,0.666666666666667,0.666666666666667,265.5148,315.3278,315.3278,10,50,90,255.5148,265.3278,225.3278,248.723466666667
"1241",19,2,2,1,"Dance",0,5,5,3,1,5,4,5,3,4,4,5,2,5,4,4,3,4,5,4,2,1,1,4,12,50.4787,49.1314,73.224,73.4096,52.7487,59.79848,291.987867346939,324.850671428571,363.059634042553,334.124740740741,310.09305,0.5,0.583333333333333,0.75,315.3531,331.9083,365.2172,50,90,130,265.3531,241.9083,235.2172,247.492866666667
"1243",19,1,2,1,"Soccer",1,5,5,4,3,4,5,5,5,5,4,4,4,4,5,5,5,1,5,14,7,2,5,0,28,88.223,71.8941,59.7969,80.7093,58.9375,71.91216,304.532032653061,425.3384625,565.810102173913,458.701881730769,450.25058125,0.333333333333333,0.416666666666667,0.583333333333333,365.1494,381.7206,414.9625,10,50,90,355.1494,331.7206,324.9625,337.2775
"1247",20,2,2,1,"Jog",0,5,2,3,2,1,4,2,2,2,3,1,1,1,2,1,1,2,1,7,6,10,8,6,37,50.0862,56.7591,57.0738,50.0603,52.605,53.31688,348.521352,387.296883333333,503.802389583333,487.479582407407,380.89523,0.416666666666667,0.5,0.75,448.1922,481.274,547.6817,130,170,210,318.1922,311.274,337.6817,322.382633333333
"1251",24,1,1,1,"Volleyball",1,5,5,4,1,5,5,4,5,5,5,5,5,5,5,5,5,5,5,5,3,1,2,2,13,40.874,34.2353,38.7014,35.1672,28.2511,35.4458,299.770042,292.56785,384.187572916667,364.074548113208,321.176965,0.5,0.666666666666667,0.5,331.947,414.9657,331.947,90,130,170,241.947,284.9657,161.947,229.6199
"1252",19,1,3,1,"Walk",0,5,5,2,2,1,4,2,4,3,1,2,2,1,5,3,1,2,4,1,0,3,0,1,5,60.8968,65.9738,76.5193,63.8433,60.4356,65.53376,284.507679591837,331.908785714286,336.516640425532,317.657207476636,308.027132,0.5,0.75,0.833333333333333,315.3051,331.9883,365.1091,10,50,90,305.3051,281.9883,275.1091,287.4675
"1253",20,2,2,1,"Jog",0,5,3,3,3,3,4,2,2,3,4,2,2,2,4,4,3,5,4,1,4,3,4,1,13,53.2808,51.702,42.0946,55.5293,54.3094,51.38322,295.06894,334.688733333333,335.710060416667,328.03466635514,325.684625,0.166666666666667,0.5,0.666666666666667,265.5465,315.2837,331.9075,0,10,50,265.5465,305.2837,281.9075,284.2459
"1254",21,1,2,1,"Basketball",1,5,5,4,3,4,5,2,5,5,5,4,3,5,5,5,5,4,5,27,13,0,11,12,63,122.736,108.8183,80.2814,100.1055,94.4888,101.286,279.75275,338.191375,369.31905625,366.099356481481,330.319495,0.333333333333333,0.416666666666667,0.916666666666667,315.3826,331.9436,497.9364,50,90,130,265.3826,241.9436,NA,253.6631
"1255",19,2,8,1,"Yoga",0,5,4,3,3,3,5,4,4,4,4,3,3,4,3,4,3,3,4,10,9,7,9,6,41,68.3984,62.4079,68.4133,60.5548,61.0854,64.17196,293.191377083333,379.6504,439.818945833333,489.916512962963,320.847288888889,0.416666666666667,0.416666666666667,0.666666666666667,365.1659,365.1659,481.3268,130,170,210,235.1659,195.1659,271.3268,233.8862
"1257",19,2,4,1,"Weight Train",0,5,5,4,4,4,4,4,4,5,5,5,5,5,5,5,4,3,5,13,4,11,8,9,45,81.1602,47.9263,76.9766,68.2366,49.0712,64.67418,281.1401,334.3471,430.89601875,417.436371296296,378.096611111111,0.5,0.416666666666667,0.583333333333333,381.7658,365.1383,398.4585,90,130,170,291.7658,235.1383,228.4585,251.787533333333
"1258",18,2,4,1,"Jog",0,4,2,2,2,3,4,4,2,2,3,2,2,2,3,1,2,3,1,3,1,1,3,2,10,72.5513,54.3032,60.3577,56.6489,56.3566,60.04354,326.626172,387.9404875,405.244814583333,422.922650925926,352.885005263158,0.583333333333333,0.5,0.5,414.922,398.2196,398.2196,90,130,170,324.922,268.2196,228.2196,273.787066666667
"1259",19,2,2,1,"Volleyball",1,2,4,3,4,4,5,3,5,2,3,3,4,4,5,5,4,5,4,1,2,2,0,1,6,53.8583,39.5113,53.7015,52.7387,57.283,51.41856,287.990933333333,320.839666666667,364.42249375,364.955116666667,302.00938,0.416666666666667,0.583333333333333,0.666666666666667,331.9104,365.0302,365.1859,50,90,130,281.9104,275.0302,235.1859,264.042166666667
"1260",22,1,3,1,"Run",0,2,5,3,3,5,4,4,5,4,3,2,3,3,4,4,3,4,3,2,3,1,1,1,8,52.1689,59.7149,58.2735,73.3456,58.4885,60.39828,294.122068,343.007533333333,419.1167375,459.541750925926,333.244023076923,0.25,0.333333333333333,0.5,365.2044,414.9059,464.7684,90,130,170,275.2044,284.9059,294.7684,284.959566666667
"1262",17,2,4,1,"Weight Train",0,5,3,3,2,4,4,3,3,3,4,3,3,4,3,3,3,4,3,10,14,2,4,0,30,69.2928,71.234,54.7817,90.6722,56.1349,68.42312,389.685002,468.399288888889,512.241538636364,428.667532894737,423.466203225806,0.833333333333333,0.833333333333333,0.916666666666667,547.7262,547.7262,713.8139,0,10,50,547.7262,537.7262,NA,542.7262
"1263",20,1,1,1,"Basketball",1,5,3,4,2,4,4,3,5,4,4,4,3,5,5,5,5,5,5,5,2,2,6,8,23,78.958,60.6967,59.8837,71.4911,60.5565,66.3172,302.439152,355.9388,420.864616666667,375.567679439252,338.783704545455,0.416666666666667,0.583333333333333,0.833333333333333,348.5886,365.1582,414.9738,90,130,170,258.5886,235.1582,244.9738,246.2402
"1264",21,2,4,1,"Gym",0,3,3,4,5,4,4,3,5,4,5,3,4,5,3,2,2,1,1,1,4,4,4,0,13,53.0174,63.6234,54.8638,75.2279,47.2416,58.79482,276.146336,365.092814285714,403.522072916667,392.948207407407,329.441015,0.25,0.5,0.916666666666667,315.3135,365.1056,564.2103,90,130,170,225.3135,235.1056,NA,230.20955
"1265",19,2,2,1,"Gym",0,4,3,4,5,5,5,5,4,4,5,2,4,3,2,4,4,1,5,1,2,0,0,3,6,79.0397,76.1259,94.5704,60.6319,65.8503,75.24364,255.686018367347,405.405457142857,456.76280625,431.819264814815,371.466915384615,0.166666666666667,0.416666666666667,0.5,331.964,414.8683,431.4917,130,170,210,201.964,244.8683,221.4917,222.774666666667
"1266",19,2,3,1,"Jog",0,5,3,4,3,4,5,3,4,4,3,4,3,2,2,1,3,3,2,0,0,0,0,3,3,45.8437,50.949,47.8433,44.6974,52.6692,48.40052,247.24390625,251.355014285714,289.928031111111,279.017472380952,261.416333333333,0.666666666666667,0.833333333333333,0.5,298.7607,315.472,282.1355,0,0,40,298.7607,315.472,242.1355,285.456066666667
"1267",28,1,2,1,"Spin",0,3,2,3,2,4,4,4,2,4,2,2,2,2,4,2,3,5,3,7,4,5,3,9,28,89.276,72.6911,65.5919,54.7077,53.7493,67.2032,290.757284,375.489625,346.404914893617,338.750537383178,298.008273913043,0.666666666666667,0.416666666666667,0.833333333333333,348.51,315.3187,381.741,90,130,170,258.51,185.3187,211.741,218.523233333333
"1269",19,2,2,1,"Weight Train",0,3,1,3,1,2,3,2,2,2,3,2,1,1,3,3,2,2,3,5,2,5,2,3,17,65.3699,50.0797,60.9334,58.286,56.8133,58.29646,413.637208,325.33371,394.562183333333,462.2947,333.281646153846,0.25,0.5,0.333333333333333,381.8305,464.8813,431.5647,90,130,170,291.8305,334.8813,261.5647,296.092166666667
"1271",21,1,2,1,"Weight Train",0,3,5,4,5,5,5,4,2,4,4,3,3,3,2,2,1,1,1,7,8,5,4,8,32,44.8865,46.3799,43.1224,43.18,43.8548,44.28472,283.454436,310.30348,334.04245106383,368.444283157895,279.046966666667,0.666666666666667,0.833333333333333,0.75,348.5489,381.7818,365.1489,10,50,90,338.5489,331.7818,275.1489,315.159866666667
"1272",18,2,2,1,"Jog",0,2,4,2,3,2,2,2,3,2,2,2,2,2,3,2,2,4,3,12,0,0,0,0,12,122.7061,55.2662,59.1906,51.1048,39.9441,65.64236,300.51058125,301.5003,370.007591666667,392.220809259259,328.85356875,0.166666666666667,0.5,0.666666666666667,315.3517,365.1662,398.357,90,130,170,225.3517,235.1662,228.357,229.624966666667
"1273",21,1,3,1,"Weight Train",0,5,3,4,2,4,4,4,4,3,4,4,4,3,3,3,4,3,4,4,7,4,2,0,17,73.8948,60.6144,59.6723,57.808,50.7237,60.54264,268.65495625,308.1833,368.940979166667,376.616157943925,331.936068,0.583333333333333,0.583333333333333,0.916666666666667,365.2042,365.2042,497.9697,90,130,170,275.2042,235.2042,NA,255.2042
"1274",21,2,3,1,"Horseback Ride",0,5,5,3,4,4,5,4,4,5,5,4,4,5,5,4,4,4,4,6,5,6,0,1,18,60.0557,38.9727,61.7729,49.1571,42.9766,50.587,299.043772,296.618,349.8834875,341.229671028037,305.827223809524,0.5,0.583333333333333,0.666666666666667,315.364,331.9439,348.532,50,90,130,265.364,241.9439,218.532,241.946633333333
"1275",19,2,7,1,"Gym",0,3,3,3,4,4,5,5,3,5,5,5,2,5,3,4,5,5,4,7,5,3,4,9,28,77.8219,84.8059,58.2837,67.4615,78.2308,73.32076,283.568583333333,293.231155555556,377.28211875,361.329848148148,327.124058333333,0.333333333333333,0.833333333333333,0.833333333333333,315.3296,448.1848,448.1848,90,130,170,225.3296,318.1848,278.1848,273.899733333333
"1276",19,2,3,1,"Cross Country Ski",0,5,4,3,3,4,4,2,4,4,5,2,3,4,3,3,2,5,3,5,5,5,5,2,22,51.6539,44.4777,52.5365,48.2047,36.0564,46.58584,431.8666625,412.180816666667,555.336060416667,565.88238411215,452.2686,0.416666666666667,0.25,0.666666666666667,514.4728,448.1153,597.4981,250,290,330,264.4728,158.1153,267.4981,230.028733333333
"1277",22,2,3,1,"Walk",0,5,4,2,2,3,1,3,3,3,3,2,2,2,4,4,4,4,3,3,6,5,2,3,19,83.0355,77.0573,108.0564,72.6569,100.6229,88.2858,303.451155102041,439.81185,440.161202083333,317.925211842105,285.336638709677,0.833333333333333,0.833333333333333,0.916666666666667,464.7536,464.7536,614.1218,0,10,50,464.7536,454.7536,NA,459.7536
"1278",20,1,3,1,"Gym",0,5,2,3,2,2,4,2,4,3,4,2,4,3,3,4,4,3,4,3,10,4,1,6,24,70.652,97.6262,80.6717,72.1064,87.0893,81.62912,301.603708510638,377.6256625,414.971453191489,364.393261320755,316.034832,0.583333333333333,0.75,0.75,365.1645,398.3567,398.3567,50,90,130,315.1645,308.3567,268.3567,297.292633333333
"1279",18,2,4,1,"Gym",0,5,2,3,4,3,3,2,1,3,3,1,1,1,3,3,2,4,3,1,6,7,7,5,26,40.2543,58.7964,60.927,89.9608,51.0461,60.19692,286.538332653061,309.800066666667,357.530616666667,356.057518518519,303.107457894737,0.333333333333333,0.416666666666667,0.833333333333333,315.2507,315.3887,414.9468,50,90,130,265.2507,225.3887,284.9468,258.528733333333
"1280",24,2,2,1,"Gym",0,5,4,4,2,3,4,5,4,5,5,4,3,4,5,4,4,5,5,0,1,1,4,4,10,59.1455,53.4063,56.8908,60.7411,66.4538,59.3275,261.201552,283.940844444444,340.8984,344.508916666667,292.067775,0.416666666666667,0.5,0.75,298.6902,315.2983,381.7339,10,50,90,288.6902,265.2983,291.7339,281.907466666667
"1281",19,2,4,1,"Jog",0,2,2,3,1,5,1,1,5,3,3,1,1,1,3,4,5,2,4,25,6,10,5,8,54,99.2842,62.6348,63.7557,73.7448,63.4706,72.57802,330.638924,365.183642857143,455.951938297872,438.026165740741,385.093555,0.333333333333333,0.75,0.583333333333333,381.7408,481.4006,448.1291,50,90,130,331.7408,391.4006,318.1291,347.090166666667
"1282",NA,2,NA,1,"Weight Train",0,5,4,3,3,3,3,3,2,3,4,1,1,1,3,1,1,3,1,7,8,5,3,10,33,62.7066,47.8118,48.2433,55.4422,60.7937,54.99952,273.31863877551,269.685375,330.20190625,341.097423809524,269.002963157895,0.5,0.5,0.583333333333333,315.2979,315.2979,331.9068,10,50,90,305.2979,265.2979,241.9068,270.8342
"1284",20,2,2,1,"Badminton",1,2,3,3,2,4,4,3,5,4,4,3,3,3,2,4,2,2,4,1,1,4,7,2,15,56.6845,62.8684,58.9804,86.7309,57.6947,64.59178,287.481948,370.14998,342.690147916667,345.339541666667,261.675047058824,0.333333333333333,0.5,0.583333333333333,315.3327,332.0336,348.5829,10,50,90,305.3327,282.0336,258.5829,281.983066666667
"1285",18,1,3,1,"Cycle",0,5,5,4,3,5,5,4,5,4,5,3,4,4,5,4,4,4,5,6,3,1,6,1,17,47.7424,46.9492,38.9941,63.3768,42.1922,47.85094,304.146432653061,381.7101,414.224954166667,476.096431481481,448.13349,0.0833333333333333,0.75,0.833333333333333,348.4916,547.6814,564.3658,170,210,250,NA,337.6814,314.3658,326.0236
"1286",20,1,7,1,"Hockey",1,5,5,4,3,4,4,3,5,3,4,5,4,3,3,4,4,4,5,2,1,2,1,1,7,39.382,45.4882,58.7522,43.0699,45.4484,46.42814,271.268108163265,344.3773125,416.647352083333,408.54186728972,334.68385,0.333333333333333,0.5,0.666666666666667,348.5837,398.2597,448.0779,90,130,170,258.5837,268.2597,278.0779,268.3071
"1287",20,2,2,1,"Jog",0,5,1,4,2,2,5,1,5,5,1,1,1,1,2,1,1,5,5,3,5,11,2,4,25,66.1629,55.3605,102.188,60.6955,68.1647,70.51432,282.876058333333,355.679285714286,435.37768125,593.575010185185,381.7966,0.166666666666667,0.166666666666667,0.166666666666667,448.1569,448.1569,448.1569,170,210,250,278.1569,238.1569,198.1569,238.1569
"1289",19,1,2,1,"Weight Train",0,5,3,4,4,4,5,1,1,3,3,2,2,2,1,1,1,1,1,0,1,5,2,6,14,63.6825,57.3589,103.266,67.8769,62.8937,71.0156,349.52666122449,428.74705,726.842627083333,750.663070754717,508.27758125,0.666666666666667,0.25,0.416666666666667,730.3153,547.6961,630.7007,290,330,370,440.3153,217.6961,260.7007,306.237366666667
"1290",20,1,5,1,"Run",0,4,4,3,3,5,4,4,3,5,3,2,1,1,3,2,3,2,4,6,3,5,9,12,35,48.4311,40.1874,44.3534,48.1715,56.1337,47.45542,282.109916326531,265.50041,307.88844893617,294.244563461538,256.564492307692,0.583333333333333,0.666666666666667,0.916666666666667,298.748,315.2669,365.1107,0,0,40,298.748,315.2669,NA,307.00745
"1291",18,2,3,1,"Cardio",0,5,3,3,3,4,4,2,2,3,3,2,2,2,2,2,2,3,2,1,2,3,2,1,9,53.2252,52.0724,51.5918,60.4468,50.0679,53.48082,313.66368,385.8417875,421.839260416667,451.978421296296,364.211461111111,0.5,0.416666666666667,0.583333333333333,464.6995,431.5675,481.2597,130,170,210,334.6995,261.5675,271.2597,289.175566666667
"1292",18,2,3,1,"Basketball",1,5,2,4,3,4,4,2,3,4,4,5,5,4,5,5,4,4,5,7,6,5,9,5,32,46.625,42.0878,39.1264,50.5162,34.7885,42.62878,276.761742857143,280.1255125,299.118183333333,296.444648598131,286.3225125,0.333333333333333,0.25,0.75,282.1327,265.6139,315.3278,0,0,40,282.1327,265.6139,275.3278,274.358133333333
"1294",19,2,4,1,"Jog",0,2,1,2,4,4,3,3,4,4,3,2,2,2,4,3,2,4,4,1,4,4,3,1,13,72.604,74.0211,57.9392,64.2416,68.512,67.46358,280.463234,365.109357142857,408.351991666667,392.947548148148,313.490794444444,0.333333333333333,0.416666666666667,0.75,348.5339,365.0908,415.0117,50,90,130,298.5339,275.0908,285.0117,286.212133333333
"1296",21,2,2,1,"Weight Train",0,5,5,3,2,3,4,4,4,4,4,3,4,4,3,2,3,3,3,115,3,5,5,1,129,180.6299,89.3833,92.5562,89.6031,72.2879,104.89208,341.92925,365.156633333333,461.662991666667,435.872968518519,363.894684615385,0.0833333333333333,0.583333333333333,0.416666666666667,315.3468,415.0103,381.8076,10,50,90,NA,365.0103,291.8076,328.40895
"1297",20,1,2,1,"Basketball",1,5,4,3,2,4,3,2,4,3,3,3,3,4,5,5,5,4,5,3,4,8,6,6,27,55.7886,57.4762,52.9289,55.6472,53.9689,55.16196,290.580683673469,331.875928571429,418.712195833333,428.898791666667,376.73194,0.5,0.5,0.666666666666667,414.8855,414.8855,448.0462,130,170,210,284.8855,244.8855,238.0462,255.939066666667
"1299",22,1,3,1,"Weight Train",0,5,5,4,3,5,4,3,4,3,4,2,2,2,3,2,1,2,4,0,1,0,1,1,3,54.7823,46.2373,44.8887,54.8866,47.7456,49.7081,296.78577,265.571366666667,296.692941666667,305.372653703704,303.410504,0.666666666666667,0.5,0.916666666666667,315.346,298.7407,332.0268,0,0,40,315.346,298.7407,NA,307.04335
"1300",18,2,2,1,"Weight Train",0,4,2,4,3,3,4,3,2,3,4,4,3,3,2,3,3,2,3,0,4,2,6,6,18,62.182,67.6955,60.8112,57.6224,55.0159,60.6654,290.268516326531,351.87311,388.645754166667,407.712356481481,359.10525,0.333333333333333,0.666666666666667,0.833333333333333,365.1045,414.972,481.393,130,170,210,235.1045,244.972,271.393,250.489833333333
"1302",20,2,4,1,"Yoga",0,2,4,3,4,4,3,4,2,3,4,2,3,1,4,4,3,2,1,0,2,1,1,6,10,47.8075,43.2772,51.5175,65.9683,70.3505,55.7842,293.969636734694,296.6524875,364.062421276596,332.374630188679,322.422675,0.75,0.75,0.833333333333333,348.59,348.59,398.3102,0,0,40,348.59,348.59,358.3102,351.830066666667
"1303",20,2,3,1,"Softball",1,5,5,4,4,5,5,5,5,5,5,5,5,5,5,5,5,5,5,1,7,2,4,3,17,70.605,71.6274,79.5069,72.6479,69.6092,72.79928,294.983129166667,454.409075,455.432433333333,456.31275462963,341.30934375,0.25,0.583333333333333,0.5,348.5841,431.6503,414.9766,90,130,170,258.5841,301.6503,244.9766,268.403666666667
"1305",21,1,6,1,"Run",0,5,5,3,3,4,5,3,2,2,3,3,2,3,2,2,3,3,2,7,5,5,2,4,23,78.1122,75.4872,76.9121,71.3433,61.5363,72.67822,267.604718367347,341.94562,357.899889583333,375.779313888889,316.766533333333,0.5,0.75,0.75,348.5355,414.9019,414.9019,90,130,170,258.5355,284.9019,244.9019,262.779766666667
"1306",18,2,3,1,"Cycle",0,4,2,4,4,4,4,3,3,5,3,3,2,2,3,2,1,3,3,1,1,0,0,2,4,53.8378,47.1164,52.1353,51.8209,54.9535,51.97278,361.14585,329.8684875,462.655147916667,409.397769444444,340.763033333333,0.333333333333333,0.5,0.416666666666667,348.5322,381.6808,365.0742,130,170,210,218.5322,211.6808,155.0742,195.095733333333
"1307",20,1,2,1,"Basketball",1,5,2,3,3,5,5,5,5,4,5,5,5,5,4,5,5,4,5,8,1,2,1,6,18,72.1846,49.7437,75.2828,62.4781,76.2265,67.18314,397.314526,334.2859,456.405995833333,446.570693518519,375.4721875,0.333333333333333,0.333333333333333,0.666666666666667,381.7257,381.7257,481.2363,130,170,210,251.7257,211.7257,271.2363,244.8959
"1308",18,2,4,1,"Rugby",1,5,3,4,1,4,4,3,5,3,4,4,5,5,4,5,4,5,5,0,2,0,0,1,3,55.3096,63.478,45.7016,46.6742,40.5404,50.34076,279.053406122449,302.387122222222,367.182833333333,374.338110377358,300.549051851852,0.583333333333333,0.833333333333333,0.833333333333333,348.4512,431.5253,431.5253,130,170,210,218.4512,261.5253,221.5253,233.833933333333
"1309",20,2,3,1,"Volleyball",1,5,4,3,2,4,3,2,5,3,4,3,3,4,4,4,4,4,5,1,0,1,0,1,3,56.369,49.0987,54.7085,55.058,55.5717,54.16118,288.82257,306.165844444444,366.20754375,318.750186111111,298.774158333333,0.333333333333333,0.666666666666667,1,298.7326,331.9976,514.5845,10,50,90,288.7326,281.9976,NA,285.3651
"1310",18,2,2,1,"Walk",0,5,2,2,1,3,2,2,1,2,1,1,1,1,2,3,1,3,3,2,1,4,1,2,10,38.2987,46.8202,51.4115,48.2635,48.7445,46.70768,336.322153061224,381.683466666667,568.118097916667,506.678228703704,394.99193,0.333333333333333,0.0833333333333333,0.416666666666667,448.2007,348.5848,481.2861,130,170,210,318.2007,NA,271.2861,294.7434
"1068",20,2,2,1,"Jog",0,5,1,3,1,1,4,1,1,3,2,2,1,1,3,1,1,3,2,18,19,49,12,10,108,76.7452,140.1268,138.8896,92.3462,79.4765,105.51686,330.569975510204,459.944828571429,532.55125,474.546182524272,473.24766,0.916666666666667,1,1,597.5907,5693.6227,5693.6227,130,170,210,NA,NA,NA,261.4448
"1129",20,2,2,1,"Gym",0,3,3,4,3,5,5,2,2,4,3,3,4,2,2,3,4,3,3,2,3,8,4,3,20,45.732,51.1393,64.0982,56.3325,49.1984,53.30008,316.378972916667,436.305328571429,579.550133333333,326.145376086957,262.682331428571,1,0.916666666666667,1,1029.1142,464.7391,1029.1142,210,250,290,NA,NA,NA,281.183
